original_location,original_claim,verification_status,evidence,revision_disposition,limits,primary_or_artifact_url,exact_manuscript_excerpt,excerpt_scope,dataset_support,code_support,statistical_support,figure_table_support,confidence
"P17,P212,P327,P631,P650",20 versus 28 active compounds,CONTRADICTED,"CSV contains 20 raw positive labels, 19 valid structures; ACT-18 is invalid.",Report raw and valid counts; preserve invalid input.,Most assay labels remain unverified.,https://github.com/RaunakGengiti2725/NUDT5-Inhibitor-Breast-Cancer-Discovery/tree/8c2a1b6990df1e140e15ab5a0eabea69b70eee14,"[P17] 13	20 NUDT5 actives, 347 MTH1 proxy actives with transfer weights, and 520 property-

[P212] 128  compounds), ChEMBL, and PDB ligands. Total: 28 unique NUDT5 actives with IC50

[P327] 198  20 unique NUDT5 actives with biochemical IC50 data were compiled (17 from Page et al.

[P631] 386	(ii) ML generalizability. 28 actives from two sca olds; LSO sensitivity of 0.38 0.63

[P650] 403	Weakness 2:  ML has near-zero power for novel sca olds.  28 training actives","Paragraphs at listed P locations; range endpoints only; table-only entries require original DOCX tables. original_claim is an audit synopsis, not a quotation.",See evidence; raw compounds.csv/final_hits.csv and cited source records; absent artifacts remain absent.,scripts/scripts/pipeline.py and tests/test_pipeline.py for reproducible diagnostics; historical claims scoped to baseline commit.,No new inferential biological evidence; see evidence and limits.,"Original P17,P212,P327,P631,P650; new figures are diagnostics, not reconstructions of unavailable historical outputs.",Scoped to inspected release and cited evidence; see limits. No missing-artifact inference of nonexistence.
"P18,P214,P328","520 or 1,400 independent property-matched decoys",CONTRADICTED,26 unique decoy records are tiled 20 times by the baseline code.,Remove unsupported independent-sample counts.,Missing historical files might describe a distinct experiment.,https://github.com/RaunakGengiti2725/NUDT5-Inhibitor-Breast-Cancer-Discovery/tree/8c2a1b6990df1e140e15ab5a0eabea69b70eee14,"[P18] 14	matched decoys. Critically, we benchmark TWCS against each individual method in a

[P214] 130  generation: 50 per active (DUD-E), total 1,400 decoys for NUDT5 actives.

[P328] 199 TH5427 SAR, 3 from Balik i ibrutinib series). 347 MTH1 proxy actives and 520 property-","Paragraphs at listed P locations; range endpoints only; table-only entries require original DOCX tables. original_claim is an audit synopsis, not a quotation.",See evidence; raw compounds.csv/final_hits.csv and cited source records; absent artifacts remain absent.,scripts/scripts/pipeline.py and tests/test_pipeline.py for reproducible diagnostics; historical claims scoped to baseline commit.,26 unique decoy records are tiled 20 times by the baseline code.,"Original P18,P214,P328; new figures are diagnostics, not reconstructions of unavailable historical outputs.",Scoped to inspected release and cited evidence; see limits. No missing-artifact inference of nonexistence.
"P17,P213,P281-P294",347 MTH1 records with transfer weight 0.3,REQUIRES DATA,No proxy dataset or sample-weighted fitting is in the inspected release.,Remove the executed-transfer claim.,Equal score-fusion weights are not sample weighting.,https://github.com/RaunakGengiti2725/NUDT5-Inhibitor-Breast-Cancer-Discovery/tree/8c2a1b6990df1e140e15ab5a0eabea69b70eee14,"[P17] 13	20 NUDT5 actives, 347 MTH1 proxy actives with transfer weights, and 520 property-

[P213] 129  data. MTH1 proxy actives from ChEMBL: 347 compounds with IC50 < 10  M. Decoy

[P281] 170   To address the scarcity of NUDT5 actives, we incorporate MTH1 inhibitors as proxy training

[P294] 175  NUDIX box) while acknowledging that SAR is not conserved across NUDIX family members.","Paragraphs at listed P locations; range endpoints only; table-only entries require original DOCX tables. original_claim is an audit synopsis, not a quotation.",See evidence; raw compounds.csv/final_hits.csv and cited source records; absent artifacts remain absent.,scripts/scripts/pipeline.py and tests/test_pipeline.py for reproducible diagnostics; historical claims scoped to baseline commit.,No new inferential biological evidence; see evidence and limits.,"Original P17,P213,P281-P294; new figures are diagnostics, not reconstructions of unavailable historical outputs.",Scoped to inspected release and cited evidence; see limits. No missing-artifact inference of nonexistence.
"P229,P330,Table8","18,412 compounds screened and cascade attrition",REQUIRES DATA,"No complete input library, stage identifiers or score artifacts supplied.",Withdraw numerical screen and attrition claims.,Subscription-restricted DataPort PDFs were not inspected.,https://github.com/RaunakGengiti2725/NUDT5-Inhibitor-Breast-Cancer-Discovery/tree/8c2a1b6990df1e140e15ab5a0eabea69b70eee14,"[P229] 140 expansion. After merging, deduplication, and Ro5 ltering: 18,412 compounds.

[P330] 201  18,412 compounds after merging, deduplication, and property ltering.","Paragraphs at listed P locations; range endpoints only; table-only entries require original DOCX tables. original_claim is an audit synopsis, not a quotation.",See evidence; raw compounds.csv/final_hits.csv and cited source records; absent artifacts remain absent.,scripts/scripts/pipeline.py and tests/test_pipeline.py for reproducible diagnostics; historical claims scoped to baseline commit.,No new inferential biological evidence; see evidence and limits.,"Original P229,P330,Table8; new figures are diagnostics, not reconstructions of unavailable historical outputs.",Scoped to inspected release and cited evidence; see limits. No missing-artifact inference of nonexistence.
"P19,Table4",AUC 1.000 demonstrates useful prospective prediction,CONTRADICTED,Exact negative identity leakage; strong property-only discrimination after deduplication.,Separate exploratory dataset diagnostics from validation.,Deduplication does not remove source/property confounding.,https://github.com/RaunakGengiti2725/NUDT5-Inhibitor-Breast-Cancer-Discovery/tree/8c2a1b6990df1e140e15ab5a0eabea69b70eee14,"[P19] 15	retrospective validation. TWCS achieves consensus AUC = 1.000, EF1% = 27.0, and","Paragraphs at listed P locations; range endpoints only; table-only entries require original DOCX tables. original_claim is an audit synopsis, not a quotation.",See evidence; raw compounds.csv/final_hits.csv and cited source records; absent artifacts remain absent.,scripts/scripts/pipeline.py and tests/test_pipeline.py for reproducible diagnostics; historical claims scoped to baseline commit.,Exact negative identity leakage; strong property-only discrimination after deduplication.,"Original P19,Table4; new figures are diagnostics, not reconstructions of unavailable historical outputs.",Scoped to inspected release and cited evidence; see limits. No missing-artifact inference of nonexistence.
"P20,Table4",BEDROC20 = 0.999 derived from the supplied code,CONTRADICTED,Baseline perfect ranking of 19/539 returns approximately 0.001730.,"Use tested finite-list normalization and new, separately labelled results.",Correct metrics do not validate a biased dataset.,https://github.com/RaunakGengiti2725/NUDT5-Inhibitor-Breast-Cancer-Discovery/tree/8c2a1b6990df1e140e15ab5a0eabea69b70eee14,"[P20] 16	BEDROC20 = 0.999, matching the best individual classi ers while providing robustness","Paragraphs at listed P locations; range endpoints only; table-only entries require original DOCX tables. original_claim is an audit synopsis, not a quotation.",See evidence; raw compounds.csv/final_hits.csv and cited source records; absent artifacts remain absent.,scripts/scripts/pipeline.py and tests/test_pipeline.py for reproducible diagnostics; historical claims scoped to baseline commit.,Baseline perfect ranking of 19/539 returns approximately 0.001730.,"Original P20,Table4; new figures are diagnostics, not reconstructions of unavailable historical outputs.",Scoped to inspected release and cited evidence; see limits. No missing-artifact inference of nonexistence.
"P21,P315,P357-P368",Thirty permutations support p < 0.001,CONTRADICTED,Plus-one floor at B=30 is 1/31; released code uses B=5.,Withdraw the impossible empirical significance claim.,No undocumented parametric extrapolation is assumed.,https://github.com/RaunakGengiti2725/NUDT5-Inhibitor-Breast-Cancer-Discovery/tree/8c2a1b6990df1e140e15ab5a0eabea69b70eee14,"[P21] 17	against single-method failure modes. Y-randomization (30 permutations, all p < 0.001)

[P315] 188	4. Validation: Y-randomization (n = 30 permutations) with p-value.

[P357] 218  To con rm that model performance re ects genuine structure-activity relationships rather

[P368] 225  statistical noise.","Paragraphs at listed P locations; range endpoints only; table-only entries require original DOCX tables. original_claim is an audit synopsis, not a quotation.",See evidence; raw compounds.csv/final_hits.csv and cited source records; absent artifacts remain absent.,scripts/scripts/pipeline.py and tests/test_pipeline.py for reproducible diagnostics; historical claims scoped to baseline commit.,Plus-one floor at B=30 is 1/31; released code uses B=5.,"Original P21,P315,P357-P368; new figures are diagnostics, not reconstructions of unavailable historical outputs.",Scoped to inspected release and cited evidence; see limits. No missing-artifact inference of nonexistence.
"P372-P380,Table5",Scaffold transfer with 17 train / 3 test positives,CONTRADICTED,Positional split holds out only ACT-20 after ACT-18 parsing failure.,Use explicit scaffold and series assignments and held-out decoys.,New series evaluation has 2 versus 17 positive labels per fold.,https://github.com/RaunakGengiti2725/NUDT5-Inhibitor-Breast-Cancer-Discovery/tree/8c2a1b6990df1e140e15ab5a0eabea69b70eee14,"[P372] 228  validation. We trained each model on TH5427-series actives (17 compounds) + decoys and

[P380] 233  moderate evidence of cross-sca old generalization. TWCS achieves 0.67 sensitivity, matching","Paragraphs at listed P locations; range endpoints only; table-only entries require original DOCX tables. original_claim is an audit synopsis, not a quotation.",See evidence; raw compounds.csv/final_hits.csv and cited source records; absent artifacts remain absent.,scripts/scripts/pipeline.py and tests/test_pipeline.py for reproducible diagnostics; historical claims scoped to baseline commit.,Positional split holds out only ACT-20 after ACT-18 parsing failure.,"Original P372-P380,Table5; new figures are diagnostics, not reconstructions of unavailable historical outputs.",Scoped to inspected release and cited evidence; see limits. No missing-artifact inference of nonexistence.
"P232,Tables4and7","RF-500, XGBoost and Tanimoto-SVM results",REQUIRES DATA,"Code uses RF-100, sklearn GBT and RBF-SVM.",Report exact implemented models; remove conflicting historical tables.,No mapping of different historical experiments was supplied.,https://github.com/RaunakGengiti2725/NUDT5-Inhibitor-Breast-Cancer-Discovery/tree/8c2a1b6990df1e140e15ab5a0eabea69b70eee14,"[P232] 142  RF (B = 500), XGBoost (η = 0.1, depth 6), SVM (Tanimoto kernel, C = 10). Training:","Paragraphs at listed P locations; range endpoints only; table-only entries require original DOCX tables. original_claim is an audit synopsis, not a quotation.",See evidence; raw compounds.csv/final_hits.csv and cited source records; absent artifacts remain absent.,scripts/scripts/pipeline.py and tests/test_pipeline.py for reproducible diagnostics; historical claims scoped to baseline commit.,"Code uses RF-100, sklearn GBT and RBF-SVM.","Original P232,Tables4and7; new figures are diagnostics, not reconstructions of unavailable historical outputs.",Scoped to inspected release and cited evidence; see limits. No missing-artifact inference of nonexistence.
P277-P294,TWCS methodological novelty and transfer gain established,REQUIRES DATA,Ordinary equal-score fusion exists; the stated transfer loss does not.,Call the revised comparator Equal_mean.,No exhaustive global novelty or patent clearance performed.,https://github.com/RaunakGengiti2725/NUDT5-Inhibitor-Breast-Cancer-Discovery/tree/8c2a1b6990df1e140e15ab5a0eabea69b70eee14,"[P277] 167	In the equal-weight formulation used here (wk = 0.25), the consensus reduces to the

[P294] 175  NUDIX box) while acknowledging that SAR is not conserved across NUDIX family members.","Paragraphs at listed P locations; range endpoints only; table-only entries require original DOCX tables. original_claim is an audit synopsis, not a quotation.",See evidence; raw compounds.csv/final_hits.csv and cited source records; absent artifacts remain absent.,scripts/scripts/pipeline.py and tests/test_pipeline.py for reproducible diagnostics; historical claims scoped to baseline commit.,No new inferential biological evidence; see evidence and limits.,"Original P277-P294; new figures are diagnostics, not reconstructions of unavailable historical outputs.",Scoped to inspected release and cited evidence; see limits. No missing-artifact inference of nonexistence.
"P299-P306,P415,P586-P592",All ten candidates in-domain with calibrated confidence,CONTRADICTED,NC5-02 is a training identity; reference-set definitions vary; no calibration study.,"Report nearest identifiers and similarities, not confidence.","Similarity describes proximity, not probability of activity.",https://github.com/RaunakGengiti2725/NUDT5-Inhibitor-Breast-Cancer-Discovery/tree/8c2a1b6990df1e140e15ab5a0eabea69b70eee14,"[P299] ,,,high con dence	maxi T (m, xi) ≥ 0.40

[P306] 180  con dence per-compound rather than applying a binary in/out cuto .

[P415] 257  (Tmax ≥ 0.25 to any training active). All 10 proposed candidates are within the AD, though

[P586] 348	2. Calibrated  con dence.	The sca old-aware applicability domain provides per-","Paragraphs at listed P locations; range endpoints only; table-only entries require original DOCX tables. original_claim is an audit synopsis, not a quotation.",See evidence; raw compounds.csv/final_hits.csv and cited source records; absent artifacts remain absent.,scripts/scripts/pipeline.py and tests/test_pipeline.py for reproducible diagnostics; historical claims scoped to baseline commit.,No new inferential biological evidence; see evidence and limits.,"Original P299-P306,P415,P586-P592; new figures are diagnostics, not reconstructions of unavailable historical outputs.",Scoped to inspected release and cited evidence; see limits. No missing-artifact inference of nonexistence.
P399-P401,Self-docking RMSD 0.34 angstrom and docking/MM-GBSA scores,REQUIRES DATA,"Prepared inputs, poses, settings and run logs absent.",Remove from verified results.,No commercial docking reconstruction performed.,https://github.com/RaunakGengiti2725/NUDT5-Inhibitor-Breast-Cancer-Discovery/tree/8c2a1b6990df1e140e15ab5a0eabea69b70eee14,"[P399] 246  TH5427 self-docking into PDB 5NWH yielded RMSD = 0.34  (well below the 2.0  valida-

[P401] 248  −8.92 kcal/mol. Glide XP score: −10.47 kcal/mol.","Paragraphs at listed P locations; range endpoints only; table-only entries require original DOCX tables. original_claim is an audit synopsis, not a quotation.",See evidence; raw compounds.csv/final_hits.csv and cited source records; absent artifacts remain absent.,scripts/scripts/pipeline.py and tests/test_pipeline.py for reproducible diagnostics; historical claims scoped to baseline commit.,No new inferential biological evidence; see evidence and limits.,"Original P399-P401; new figures are diagnostics, not reconstructions of unavailable historical outputs.",Scoped to inspected release and cited evidence; see limits. No missing-artifact inference of nonexistence.
"P438,P464,P497,P512,Table9",Candidate HBA values are reproducible,PARTIALLY VERIFIED,All 70 basic descriptors match RDKit 2025.09.6; four HBA values differ in 2023.09.6.,"Report version dependence, not universal cell errors.",Original runtime is unknown.,https://github.com/RaunakGengiti2725/NUDT5-Inhibitor-Breast-Cancer-Discovery/tree/8c2a1b6990df1e140e15ab5a0eabea69b70eee14,"[P438] 264	MW = 440, cLogP = −0.2, TPSA = 119 2, HBD/HBA = 2/7. Direct TH5427 ana-

[P464] 281	MW = 367, cLogP = 0.6, TPSA = 133  2, HBD/HBA = 2/7.	Adenine ensures

[P497] 302	MW = 303, cLogP = 0.2, TPSA = 113 2, HBD/HBA = 3/4. Lumazine core closely

[P512] 311	MW = 332, cLogP = 0.2, TPSA = 146 2, HBD/HBA = 3/6. Novel bicyclic. Aminosul-","Paragraphs at listed P locations; range endpoints only; table-only entries require original DOCX tables. original_claim is an audit synopsis, not a quotation.",See evidence; raw compounds.csv/final_hits.csv and cited source records; absent artifacts remain absent.,scripts/scripts/pipeline.py and tests/test_pipeline.py for reproducible diagnostics; historical claims scoped to baseline commit.,No new inferential biological evidence; see evidence and limits.,"Original P438,P464,P497,P512,Table9; new figures are diagnostics, not reconstructions of unavailable historical outputs.",Scoped to inspected release and cited evidence; see limits. No missing-artifact inference of nonexistence.
P536,Mean pairwise candidate Tanimoto = 0.12,CONTRADICTED,Mean over 45 unordered pairs is 0.154596 in the chemistry audit.,State the calculated value and exact fingerprint convention.,Diversity does not establish activity or novelty.,https://github.com/RaunakGengiti2725/NUDT5-Inhibitor-Breast-Cancer-Discovery/tree/8c2a1b6990df1e140e15ab5a0eabea69b70eee14,"[P536] 327  similarity among the 10 candidates is 0.12, con rming broad chemical space coverage.","Paragraphs at listed P locations; range endpoints only; table-only entries require original DOCX tables. original_claim is an audit synopsis, not a quotation.",See evidence; raw compounds.csv/final_hits.csv and cited source records; absent artifacts remain absent.,scripts/scripts/pipeline.py and tests/test_pipeline.py for reproducible diagnostics; historical claims scoped to baseline commit.,Mean over 45 unordered pairs is 0.154596 in the chemistry audit.,"Original P536; new figures are diagnostics, not reconstructions of unavailable historical outputs.",Scoped to inspected release and cited evidence; see limits. No missing-artifact inference of nonexistence.
"P98-P100,referenceSMILES",ACT-01 is authenticated TH5427,CONTRADICTED,Page compound 28 / PDB 9CH has two N-methyl groups; ACT-01 lacks one.,Preserve the raw row and distinguish the authentic reference.,Do not transfer a published potency to an unauthenticated analogue.,https://doi.org/10.1038/s41467-017-02293-7 ; https://www.rcsb.org/ligand/9CH ; https://www.rcsb.org/ligand/958,"[P98] 69  The primary validated probe is TH5427 (IC50 = 29 nM, malachite green assay), a xanthine-

[P100] 71  ibrutinib inhibits NUDT5 noncovalently [13], leading to dual NUDT5/NUDT14 inhibitors.","Paragraphs at listed P locations; range endpoints only; table-only entries require original DOCX tables. original_claim is an audit synopsis, not a quotation.",See evidence; raw compounds.csv/final_hits.csv and cited source records; absent artifacts remain absent.,scripts/scripts/pipeline.py and tests/test_pipeline.py for reproducible diagnostics; historical claims scoped to baseline commit.,No new inferential biological evidence; see evidence and limits.,"Original P98-P100,referenceSMILES; new figures are diagnostics, not reconstructions of unavailable historical outputs.",Scoped to inspected release and cited evidence; see limits. No missing-artifact inference of nonexistence.
compoundACT02,ACT-02 is TH1713 mono-Cl,CONTRADICTED,Primary TH1713 / PDB 5NQR has dimethylamino and methylphenyl substituents.,Flag the identity conflict pending source curation.,PDB component 958 synonym conflicts with the primary assignment.,https://doi.org/10.1038/s41467-017-02293-7 ; https://www.rcsb.org/ligand/9CH ; https://www.rcsb.org/ligand/958,,"Paragraphs at listed P locations; range endpoints only; table-only entries require original DOCX tables. original_claim is an audit synopsis, not a quotation.",See evidence; raw compounds.csv/final_hits.csv and cited source records; absent artifacts remain absent.,scripts/scripts/pipeline.py and tests/test_pipeline.py for reproducible diagnostics; historical claims scoped to baseline commit.,No new inferential biological evidence; see evidence and limits.,"Original compoundACT02; new figures are diagnostics, not reconstructions of unavailable historical outputs.",Scoped to inspected release and cited evidence; see limits. No missing-artifact inference of nonexistence.
"P652,NC502",All ten candidates are untested and novel,CONTRADICTED,"NC5-02 = ACT-19 = Balikci compound 11, with published biochemical activity.","Classify as a rediscovered known compound, not a new hit.",No new experiments or breast-cancer efficacy established.,"https://doi.org/10.1021/acs.jmedchem.4c00072 ; research/source_assays.csv, compounds10and11",[P652] 405	Weakness 3: All molecules are untested. Any or all could be inactive. The rankings,"Paragraphs at listed P locations; range endpoints only; table-only entries require original DOCX tables. original_claim is an audit synopsis, not a quotation.",See evidence; raw compounds.csv/final_hits.csv and cited source records; absent artifacts remain absent.,scripts/scripts/pipeline.py and tests/test_pipeline.py for reproducible diagnostics; historical claims scoped to baseline commit.,No new inferential biological evidence; see evidence and limits.,"Original P652,NC502; new figures are diagnostics, not reconstructions of unavailable historical outputs.",Scoped to inspected release and cited evidence; see limits. No missing-artifact inference of nonexistence.
P206,29 nM binding affinity and 2.1 micromolar cellular value,PARTIALLY VERIFIED,29 nM is biochemical IC50; 2.1 micromolar is apparent HL60 ITDRF-CETSA EC50.,Keep assay endpoints and model contexts distinct.,Neither endpoint is an interchangeable KD or clinical dose.,https://github.com/RaunakGengiti2725/NUDT5-Inhibitor-Breast-Cancer-Discovery/tree/8c2a1b6990df1e140e15ab5a0eabea69b70eee14,[P206] 123  [Evidence] Low-nM a nity proven (TH5427). [Concern] 25 70× cellular potency o set,"Paragraphs at listed P locations; range endpoints only; table-only entries require original DOCX tables. original_claim is an audit synopsis, not a quotation.",See evidence; raw compounds.csv/final_hits.csv and cited source records; absent artifacts remain absent.,scripts/scripts/pipeline.py and tests/test_pipeline.py for reproducible diagnostics; historical claims scoped to baseline commit.,No new inferential biological evidence; see evidence and limits.,"Original P206; new figures are diagnostics, not reconstructions of unavailable historical outputs.",Scoped to inspected release and cited evidence; see limits. No missing-artifact inference of nonexistence.
P641,No in vivo NUDT5 inhibitor studies exist,CONTRADICTED,Qian 2024 TNBC xenografts report tumour effects and 4/10 treated-animal deaths.,Present the observation and tolerability caveat together.,Cause of deaths is not established by the inspected text.,https://doi.org/10.1186/s13058-024-01778-w,[P641] 395  Validation depth: Nearly all data from T47D/MCF7. No in vivo models. Selectivity:,"Paragraphs at listed P locations; range endpoints only; table-only entries require original DOCX tables. original_claim is an audit synopsis, not a quotation.",See evidence; raw compounds.csv/final_hits.csv and cited source records; absent artifacts remain absent.,scripts/scripts/pipeline.py and tests/test_pipeline.py for reproducible diagnostics; historical claims scoped to baseline commit.,No new inferential biological evidence; see evidence and limits.,"Original P641; new figures are diagnostics, not reconstructions of unavailable historical outputs.",Scoped to inspected release and cited evidence; see limits. No missing-artifact inference of nonexistence.
P700,"Nguyen et al., Science 2024",CONTRADICTED,"Nguyen 2025, DOI 10.1126/science.adv4257.",Complete the citation; do not substitute the distinct Wu paper.,Cross-reviewer disagreement adjudicated with Crossref and primary metadata.,https://doi.org/10.1126/science.adv4257,"[P700] 450	[11] Nguyen, T.-A. et al. Science (2024).","Paragraphs at listed P locations; range endpoints only; table-only entries require original DOCX tables. original_claim is an audit synopsis, not a quotation.",See evidence; raw compounds.csv/final_hits.csv and cited source records; absent artifacts remain absent.,scripts/scripts/pipeline.py and tests/test_pipeline.py for reproducible diagnostics; historical claims scoped to baseline commit.,No new inferential biological evidence; see evidence and limits.,"Original P700; new figures are diagnostics, not reconstructions of unavailable historical outputs.",Scoped to inspected release and cited evidence; see limits. No missing-artifact inference of nonexistence.
P701,"Marques et al., bioRxiv 2025",PARTIALLY VERIFIED,Preprint DOI 10.1101/2025.03.16.643557 and a related 2026 peer-reviewed report.,Complete citations and distinguish publication status.,Protein loss can protect against 6-TG; no general anticancer benefit follows.,https://doi.org/10.1101/2025.03.16.643557 ; https://doi.org/10.1038/s41467-026-74489-9,"[P701] 451	[12] Marques, A.-S.M.C. et al. bioRxiv (2025).","Paragraphs at listed P locations; range endpoints only; table-only entries require original DOCX tables. original_claim is an audit synopsis, not a quotation.",See evidence; raw compounds.csv/final_hits.csv and cited source records; absent artifacts remain absent.,scripts/scripts/pipeline.py and tests/test_pipeline.py for reproducible diagnostics; historical claims scoped to baseline commit.,No new inferential biological evidence; see evidence and limits.,"Original P701; new figures are diagnostics, not reconstructions of unavailable historical outputs.",Scoped to inspected release and cited evidence; see limits. No missing-artifact inference of nonexistence.
P620-P622,First-study novelty claim and reference placeholders,REQUIRES DATA,Unresolved placeholders and established consensus-scoring methods.,Remove unsupported priority claims.,A bounded search cannot prove absence of prior work.,https://github.com/RaunakGengiti2725/NUDT5-Inhibitor-Breast-Cancer-Discovery/tree/8c2a1b6990df1e140e15ab5a0eabea69b70eee14,"[P620] 377  Previous computational studies on NUDT5 have employed molecular docking alone [ref:

[P622] 379  knowledge, this is the rst study to: (i) formally benchmark multiple methods against each","Paragraphs at listed P locations; range endpoints only; table-only entries require original DOCX tables. original_claim is an audit synopsis, not a quotation.",See evidence; raw compounds.csv/final_hits.csv and cited source records; absent artifacts remain absent.,scripts/scripts/pipeline.py and tests/test_pipeline.py for reproducible diagnostics; historical claims scoped to baseline commit.,No new inferential biological evidence; see evidence and limits.,"Original P620-P622; new figures are diagnostics, not reconstructions of unavailable historical outputs.",Scoped to inspected release and cited evidence; see limits. No missing-artifact inference of nonexistence.
Endmatter,Submission disclosures complete,CONTRADICTED,Dedicated required statements are absent from the original DOCX.,Provide an author-confirmation register and accurate substantive AI disclosure.,"Do not invent funding, conflicts, affiliations or approvals.",https://github.com/RaunakGengiti2725/NUDT5-Inhibitor-Breast-Cancer-Discovery/tree/8c2a1b6990df1e140e15ab5a0eabea69b70eee14,,"Paragraphs at listed P locations; range endpoints only; table-only entries require original DOCX tables. original_claim is an audit synopsis, not a quotation.",See evidence; raw compounds.csv/final_hits.csv and cited source records; absent artifacts remain absent.,scripts/scripts/pipeline.py and tests/test_pipeline.py for reproducible diagnostics; historical claims scoped to baseline commit.,No new inferential biological evidence; see evidence and limits.,"Original Endmatter; new figures are diagnostics, not reconstructions of unavailable historical outputs.",Scoped to inspected release and cited evidence; see limits. No missing-artifact inference of nonexistence.
Publicdeposits,Complete reproducible release,CONTRADICTED,"The 9,365-byte Zenodo ZIP contains five baseline files; uploaded CSVs match.",Prepare a dated correction for author approval.,No public deposit modification was authorized or performed.,https://github.com/RaunakGengiti2725/NUDT5-Inhibitor-Breast-Cancer-Discovery/tree/8c2a1b6990df1e140e15ab5a0eabea69b70eee14,,"Paragraphs at listed P locations; range endpoints only; table-only entries require original DOCX tables. original_claim is an audit synopsis, not a quotation.",See evidence; raw compounds.csv/final_hits.csv and cited source records; absent artifacts remain absent.,scripts/scripts/pipeline.py and tests/test_pipeline.py for reproducible diagnostics; historical claims scoped to baseline commit.,No new inferential biological evidence; see evidence and limits.,"Original Publicdeposits; new figures are diagnostics, not reconstructions of unavailable historical outputs.",Scoped to inspected release and cited evidence; see limits. No missing-artifact inference of nonexistence.
Integration extension,"Six nonoverlap paired-target source compounds retain three point ratios, one strict upper bound and two double-censored non-estimable ratios",VERIFIED,results/selectivity.json; selectivity/analysis/pharmacology.csv; manuscript Table 3,Retain with stated scope,Already-inspected same-paper chemistry; source SDs are not ratio CIs; reaction times/control/replication ambiguities unresolved.,https://doi.org/10.1021/acs.jmedchem.4c00072,,"New bounded statement, not a quotation from the historical manuscript",results/selectivity.json; selectivity/analysis/pharmacology.csv; manuscript Table 3,Executable checks and full release suite; see verification.md,No new inferential claim,Table 3 and Figures 5–6 for paired-target evidence only,Limited to declared evidence and software behavior
Integration extension,Compound 9 has the highest paired-cohort Equal_mean in both frozen scenarios and reported mean IC50 ratio R=0.600,VERIFIED,results/selectivity.json; selectivity/analysis/diagnostic_scores.csv; manuscript section 4.9,Retain with stated scope,"Descriptive coexistence of activity-label score and published dual activity, not new biology or validated selectivity.",https://doi.org/10.1021/acs.jmedchem.4c00072,,"New bounded statement, not a quotation from the historical manuscript",results/selectivity.json; selectivity/analysis/diagnostic_scores.csv; manuscript section 4.9,Executable checks and full release suite; see verification.md,No new inferential claim,Table 3 and Figures 5–6 for paired-target evidence only,Limited to declared evidence and software behavior
Integration extension,The assay analyzer supports future qualified inputs and rejects unsupported curve estimates,VERIFIED,scripts/scripts/assay.py; tests/test_assay.py; assay/stress_matrix.json,Retain with stated scope,"SOFTWARE TESTS ONLY; human authenticity, normalization, independence and laboratory qualification not established.",,,"New bounded statement, not a quotation from the historical manuscript",scripts/scripts/assay.py; tests/test_assay.py; assay/stress_matrix.json,Executable checks and full release suite; see verification.md,No new inferential claim,Methods 3.7; assay/PROTOCOL.md; no biological Results figure,Limited to declared evidence and software behavior
Integration extension,Bounded PubChem records map to existing ChEMBL evidence rather than an independent validation cohort,VERIFIED,external/pubchem/audit.json; external/pubchem/README.md; request manifests,Retain with stated scope,Two indexes are not exhaustive; concise API omits relation symbols; six censored and two missing values remain explicit.,https://pubchem.ncbi.nlm.nih.gov/,,"New bounded statement, not a quotation from the historical manuscript",external/pubchem/audit.json; external/pubchem/README.md; request manifests,Executable checks and full release suite; see verification.md,No new inferential claim,Methods 3.6; external/pubchem/README.md and audit.json; no model result,Limited to declared evidence and software behavior
Observed-coordinate integration,"All-site W0O geometry retains 1730 rows: 1564 observed, 58 partial, 108 null/refused; 1278 pairs within 5 A",VERIFIED,structure_comparison/results/observed_proximity.json; manuscript 3.8/4.10,Retain with bounded scope,"Deposited coordinates only; no complete-residue distances, coordinate-uncertainty propagation or independent-site inference.",https://doi.org/10.1021/acs.jmedchem.4c00072,,Newly calculated proximity; not biological observation,structure_comparison/results/observed_proximity.json; manuscript 3.8/4.10,scripts/scripts/structure_comparison.py; tests/test_structure_comparison.py; tests/test_documents.py,No new inferential claim or independent-site n,Manuscript Figure 7; complete structural tables,Limited to declared evidence category
Observed-coordinate integration,Nearby Arg51 minima are 3.7555613428620767 A to backbone N and 3.2512725201065518 A to CD occupancy 0.78,VERIFIED,structure_comparison/results/derived/residue_proximity.csv; lab_handoff.md,Retain with bounded scope,AAA row partial with zero-occupancy CZ excluded. Does not establish uniform side-chain dependence or refute source interaction assignments.,https://doi.org/10.1021/acs.jmedchem.4c00072,,Newly calculated proximity; not binding energy,structure_comparison/results/derived/residue_proximity.csv; lab_handoff.md,scripts/scripts/structure_comparison.py; tests/test_structure_comparison.py; tests/test_documents.py,No new inferential claim or independent-site n,Manuscript Figure 7; complete structural tables,Limited to declared evidence category
Proposed H2 handoff,Qualified R51A/R51K may produce greater TH5427 than compound-9 direct-binding penalties,REQUIRES EXPERIMENT,structure_comparison/hypotheses_controls.csv; study H2,Retain with bounded scope,"Unmatched comparators; mutants unqualified; all measurements, pilot variance, effect margins and sample sizes unresolved.",https://doi.org/10.1021/acs.jmedchem.4c00072,,Proposed experiment; not prospective lock,structure_comparison/hypotheses_controls.csv; study H2,scripts/scripts/structure_comparison.py; tests/test_structure_comparison.py; tests/test_documents.py,No new inferential claim or independent-site n,Manuscript Figure 7; complete structural tables,Limited to declared evidence category
Reported source observations,"Compound-9 dual binding, 8RIY/8OTV and the Arg51 rationale were published by Balikci et al.",VERIFIED,structure_comparison/primary_excerpts.json C02-C04; handoff_sources.json M01-M05,Retain with bounded scope,"Reported primary work, not our discovery, replication or causal validation.",https://doi.org/10.1021/acs.jmedchem.4c00072,,Reported primary observations and Methods,structure_comparison/primary_excerpts.json C02-C04; handoff_sources.json M01-M05,scripts/scripts/structure_comparison.py; tests/test_structure_comparison.py; tests/test_documents.py,No new inferential claim or independent-site n,Manuscript Figure 7; complete structural tables,Limited to declared evidence category
