conclusion,evidence_category,supporting_artifacts,scope
Twenty-fold decoy replication placed identical structures on both sides of cross-validation,Demonstrated,manuscript.md sections 4.1-4.9; results/audit.json; results/benchmark.json; results/controls.json; results/transfer.json; cited primary sources,"Evidence category is specific to this statement, not clinical or prospective validation."
"Released BEDROC normalization, permutation estimator and ""leave-scaffold-out"" split are incorrect as implemented",Demonstrated,manuscript.md sections 4.1-4.9; results/audit.json; results/benchmark.json; results/controls.json; results/transfer.json; cited primary sources,"Evidence category is specific to this statement, not clinical or prospective validation."
`p < 0.001` is unattainable from the reported permutation count,Demonstrated,manuscript.md sections 4.1-4.9; results/audit.json; results/benchmark.json; results/controls.json; results/transfer.json; cited primary sources,"Evidence category is specific to this statement, not clinical or prospective validation."
"NC5-02 is canonically identical to ACT-19 and to Balikci compound 11, a published dual NUDT5/NUDT14 inhibitor",Demonstrated,manuscript.md sections 4.1-4.9; results/audit.json; results/benchmark.json; results/controls.json; results/transfer.json; cited primary sources,"Evidence category is specific to this statement, not clinical or prospective validation."
The structure labelled TH5427 differs from the authenticated compound by one N-methyl group,Demonstrated,manuscript.md sections 4.1-4.9; results/audit.json; results/benchmark.json; results/controls.json; results/transfer.json; cited primary sources,"Evidence category is specific to this statement, not clinical or prospective validation."
"Repository labels are recoverable from a single trivial descriptor (TPSA alone, AUC 0.996)",Demonstrated,manuscript.md sections 4.1-4.9; results/audit.json; results/benchmark.json; results/controls.json; results/transfer.json; cited primary sources,"Evidence category is specific to this statement, not clinical or prospective validation."
No positive/decoy pair satisfies the fixed seven-descriptor 0.5 full-cohort-SD caliper,Demonstrated,manuscript.md sections 4.1-4.9; results/audit.json; results/benchmark.json; results/controls.json; results/transfer.json; cited primary sources,"Evidence category is specific to this statement, not clinical or prospective validation."
"The proxy dataset, full library, docking and MM-GBSA artifacts are absent from the inspected release",Demonstrated,manuscript.md sections 4.1-4.9; results/audit.json; results/benchmark.json; results/controls.json; results/transfer.json; cited primary sources,"Evidence category is specific to this statement, not clinical or prospective validation."
Property/source composition remains a viable alternative to interpreting high repository AUC as target recognition,Strongly supported,manuscript.md sections 4.1-4.9; results/audit.json; results/benchmark.json; results/controls.json; results/transfer.json; cited primary sources,"Evidence category is specific to this statement, not clinical or prospective validation."
Measured-source scoring suggests method rankings depend on the evaluation cohort and label definition,Suggestive,manuscript.md sections 4.1-4.9; results/audit.json; results/benchmark.json; results/controls.json; results/transfer.json; cited primary sources,"Evidence category is specific to this statement, not clinical or prospective validation."
Arg51-dependent differential recognition distinguishes NUDT5 from NUDT14 binding,Hypothesized,manuscript.md sections 4.1-4.9; results/audit.json; results/benchmark.json; results/controls.json; results/transfer.json; cited primary sources,"Evidence category is specific to this statement, not clinical or prospective validation."
Catalytic inhibition can be separated from protein-loss and non-catalytic effects with E112Q/Y74E tools,Hypothesized,manuscript.md sections 4.1-4.9; results/audit.json; results/benchmark.json; results/controls.json; results/transfer.json; cited primary sources,"Evidence category is specific to this statement, not clinical or prospective validation."
Activity/selectivity of the remaining unmeasured candidates and disease-relevant effects of this prioritization,Unknown,manuscript.md sections 4.1-4.9; results/audit.json; results/benchmark.json; results/controls.json; results/transfer.json; cited primary sources,"Evidence category is specific to this statement, not clinical or prospective validation."
"Whether the historical 18,412-compound cascade was executed as described",Unknown,manuscript.md sections 4.1-4.9; results/audit.json; results/benchmark.json; results/controls.json; results/transfer.json; cited primary sources,"Evidence category is specific to this statement, not clinical or prospective validation."
The released AUC alone establishes prospective utility or NUDT5-specific learning,Refuted,manuscript.md sections 4.1-4.9; results/audit.json; results/benchmark.json; results/controls.json; results/transfer.json; cited primary sources,"Evidence category is specific to this statement, not clinical or prospective validation."
NC5-02 is a novel compound,Refuted,manuscript.md sections 4.1-4.9; results/audit.json; results/benchmark.json; results/controls.json; results/transfer.json; cited primary sources,"Evidence category is specific to this statement, not clinical or prospective validation."
An MTH1-to-NUDT5 transfer-learning procedure was executed in the released code,Refuted,manuscript.md sections 4.1-4.9; results/audit.json; results/benchmark.json; results/controls.json; results/transfer.json; cited primary sources,"Evidence category is specific to this statement, not clinical or prospective validation."
