source_compound,source_smiles,canonical_smiles,nudt5_ic50_uM_as_reported,nudt14_ic50_uM_as_reported,repository_identity_matches,source_doi,assay,uncertainty,inactive_definition
1,NC1=C2C(N([C@H]3CN(C(C=C)=O)CCC3)N=C2C4=CC=C(OC5=CC=CC=C5)C=C4)=NC=N1,C=CC(=O)N1CCC[C@@H](n2nc(-c3ccc(Oc4ccccc4)cc3)c3c(N)ncnc32)C1,0.837 ± 0.329,0.990 ± 0.110,,10.1021/acs.jmedchem.4c00072,biochemical catalytic inhibition,mean ± SD where numeric; n=2 independent biological replicates,IC50 >50 µM; not tested is distinct from inactive
2,NC1=NC=CN2C1=C(C3=CC=C(C(NC4=NC=CC=C4)=O)C=C3)N=C2[C@@H]5CCCN5C(C#CC)=O,CC#CC(=O)N1CCC[C@H]1c1nc(-c2ccc(C(=O)Nc3ccccn3)cc2)c2c(N)nccn12,not active,not tested,,10.1021/acs.jmedchem.4c00072,biochemical catalytic inhibition,mean ± SD where numeric; n=2 independent biological replicates,IC50 >50 µM; not tested is distinct from inactive
3,FC1=CC(C(N)=O)=C(NC(C)=C2C)C2=C1N3C[C@@H](NC(C#CC)=O)CCC3,CC#CC(=O)N[C@H]1CCCN(c2c(F)cc(C(N)=O)c3[nH]c(C)c(C)c23)C1,not active,not tested,,10.1021/acs.jmedchem.4c00072,biochemical catalytic inhibition,mean ± SD where numeric; n=2 independent biological replicates,IC50 >50 µM; not tested is distinct from inactive
4,NC1=C(C2=CC=C(OC3=CC=CC=C3)C=C2)C(NCC4CCN(C(C=C)=O)CC4)=NC=N1,C=CC(=O)N1CCC(CNc2ncnc(N)c2-c2ccc(Oc3ccccc3)cc2)CC1,13.9 ± 0.62,not tested,,10.1021/acs.jmedchem.4c00072,biochemical catalytic inhibition,mean ± SD where numeric; n=2 independent biological replicates,IC50 >50 µM; not tested is distinct from inactive
5,NC1=C2C(N([C@H]3CN(C(C=C)=O)CCC3)N=C2C4=CC=C(OC5=CC(C#C)=CC=C5)C=C4)=NC=N1,C#Cc1cccc(Oc2ccc(-c3nn([C@@H]4CCCN(C(=O)C=C)C4)c4ncnc(N)c34)cc2)c1,21.2 ± 1.02,not tested,,10.1021/acs.jmedchem.4c00072,biochemical catalytic inhibition,mean ± SD where numeric; n=2 independent biological replicates,IC50 >50 µM; not tested is distinct from inactive
6,CN(C(N1C)=O)C2=C(C1=O)N(CC3=NN=C(O3)C4=CC=C(C(Cl)=C4)Cl)C(N5CCNCC5)=N2,Cn1c(=O)c2c(nc(N3CCNCC3)n2Cc2nnc(-c3ccc(Cl)c(Cl)c3)o2)n(C)c1=O,not tested,not tested,,10.1021/acs.jmedchem.4c00072,biochemical catalytic inhibition,mean ± SD where numeric; n=2 independent biological replicates,IC50 >50 µM; not tested is distinct from inactive
7,CN(C(N=C1N(CC2)CCN2CCCCN)=C(N1CC3=NN=C(C4=CC=C(Cl)C(Cl)=C4)O3)C5=O)C(N5C)=O,Cn1c(=O)c2c(nc(N3CCN(CCCCN)CC3)n2Cc2nnc(-c3ccc(Cl)c(Cl)c3)o2)n(C)c1=O,not tested,not tested,,10.1021/acs.jmedchem.4c00072,biochemical catalytic inhibition,mean ± SD where numeric; n=2 independent biological replicates,IC50 >50 µM; not tested is distinct from inactive
8,CN(C(N=C1N(CC2)CCN2CCCCNC(CCC3=CC=C4N3[B-](F)(F)[N+]5=C(C6=CC=CN6)C=CC5=C4)=O)=C(N1CC7=NN=C(C8=CC=C(Cl)C(Cl)=C8)O7)C9=O)C(N9C)=O,Cn1c(=O)c2c(nc(N3CCN(CCCCNC(=O)CCc4ccc5n4[B-](F)(F)[N+]4=C(c6ccc[nH]6)C=CC4=C5)CC3)n2Cc2nnc(-c3ccc(Cl)c(Cl)c3)o2)n(C)c1=O,not tested,not tested,,10.1021/acs.jmedchem.4c00072,biochemical catalytic inhibition,mean ± SD where numeric; n=2 independent biological replicates,IC50 >50 µM; not tested is distinct from inactive
9,NC1=C2C(N(C3CCN(C)CC3)N=C2C4=CC=C(C=C4)OC5=CC=CC=C5)=NC=N1,CN1CCC(n2nc(-c3ccc(Oc4ccccc4)cc3)c3c(N)ncnc32)CC1,0.270 ± 0.027,0.162 ± 0.005,,10.1021/acs.jmedchem.4c00072,biochemical catalytic inhibition,mean ± SD where numeric; n=2 independent biological replicates,IC50 >50 µM; not tested is distinct from inactive
10,NC1=C2C(N(C)N=C2C3=CC=C(OC4=CC=CC=C4)C=C3)=NC=N1,Cn1nc(-c2ccc(Oc3ccccc3)cc2)c2c(N)ncnc21,0.487 ± 0.010,0.263 ± 0.031,ACT-20,10.1021/acs.jmedchem.4c00072,biochemical catalytic inhibition,mean ± SD where numeric; n=2 independent biological replicates,IC50 >50 µM; not tested is distinct from inactive
11,NC1=C2C(NN=C2C3=CC=C(OC4=CC=CC=C4)C=C3)=NC=N1,Nc1ncnc2[nH]nc(-c3ccc(Oc4ccccc4)cc3)c12,2.04 ± 0.240,0.519 ± 0.084,ACT-19;NC5-02,10.1021/acs.jmedchem.4c00072,biochemical catalytic inhibition,mean ± SD where numeric; n=2 independent biological replicates,IC50 >50 µM; not tested is distinct from inactive
12,NC1=C2C(N(C3CCN(C)CC3)N=C2C4=CCN(C(C=C)=O)CC4)=NC=N1,C=CC(=O)N1CC=C(c2nn(C3CCN(C)CC3)c3ncnc(N)c23)CC1,not active,not active,,10.1021/acs.jmedchem.4c00072,biochemical catalytic inhibition,mean ± SD where numeric; n=2 independent biological replicates,IC50 >50 µM; not tested is distinct from inactive
13,NC1=C2C(N(C3CCN(C)CC3)N=C2C4=CCCN(C(C=C)=O)C4)=NC=N1,C=CC(=O)N1CCC=C(c2nn(C3CCN(C)CC3)c3ncnc(N)c23)C1,not active,3.72 ± 0.190,,10.1021/acs.jmedchem.4c00072,biochemical catalytic inhibition,mean ± SD where numeric; n=2 independent biological replicates,IC50 >50 µM; not tested is distinct from inactive
14,NC1=C2C(N(C3CCN(C)CC3)N=C2C4=CC=C(CNC(C=C)=O)C=C4)=NC=N1,C=CC(=O)NCc1ccc(-c2nn(C3CCN(C)CC3)c3ncnc(N)c23)cc1,13.8 ± 0.900,1.64 ± 0.140,,10.1021/acs.jmedchem.4c00072,biochemical catalytic inhibition,mean ± SD where numeric; n=2 independent biological replicates,IC50 >50 µM; not tested is distinct from inactive
15,NC1=C2C(N(C3CCN(C)CC3)N=C2C4CCN(C(C=C)=O)CC4)=NC=N1,C=CC(=O)N1CCC(c2nn(C3CCN(C)CC3)c3ncnc(N)c23)CC1,not active,not active,,10.1021/acs.jmedchem.4c00072,biochemical catalytic inhibition,mean ± SD where numeric; n=2 independent biological replicates,IC50 >50 µM; not tested is distinct from inactive
16,NC1=C2C(NN=C2Br)=NC=N1,Nc1ncnc2[nH]nc(Br)c12,not tested,not tested,,10.1021/acs.jmedchem.4c00072,biochemical catalytic inhibition,mean ± SD where numeric; n=2 independent biological replicates,IC50 >50 µM; not tested is distinct from inactive
17a,NC1=C2C(N(C3CCN(C)CC3)N=C2Br)=NC=N1,CN1CCC(n2nc(Br)c3c(N)ncnc32)CC1,not tested,not tested,,10.1021/acs.jmedchem.4c00072,biochemical catalytic inhibition,mean ± SD where numeric; n=2 independent biological replicates,IC50 >50 µM; not tested is distinct from inactive
17b,NC1=C2C(N(C)N=C2Br)=NC=N1,Cn1nc(Br)c2c(N)ncnc21,not tested,not tested,,10.1021/acs.jmedchem.4c00072,biochemical catalytic inhibition,mean ± SD where numeric; n=2 independent biological replicates,IC50 >50 µM; not tested is distinct from inactive
18a,NC1=C2C(N(C3CCN(C)CC3)N=C2C(CC4)=CCN4C(OC(C)(C)C)=O)=NC=N1,CN1CCC(n2nc(C3=CCN(C(=O)OC(C)(C)C)CC3)c3c(N)ncnc32)CC1,not tested,not tested,,10.1021/acs.jmedchem.4c00072,biochemical catalytic inhibition,mean ± SD where numeric; n=2 independent biological replicates,IC50 >50 µM; not tested is distinct from inactive
18b,NC1=C2C(N(C3CCN(C)CC3)N=C2C(C4)=CCCN4C(OC(C)(C)C)=O)=NC=N1,CN1CCC(n2nc(C3=CCCN(C(=O)OC(C)(C)C)C3)c3c(N)ncnc32)CC1,not tested,not tested,,10.1021/acs.jmedchem.4c00072,biochemical catalytic inhibition,mean ± SD where numeric; n=2 independent biological replicates,IC50 >50 µM; not tested is distinct from inactive
18c,NC1=C2C(N(C3CCN(C)CC3)N=C2C4=CC=C(CNC(OC(C)(C)C)=O)C=C4)=NC=N1,CN1CCC(n2nc(-c3ccc(CNC(=O)OC(C)(C)C)cc3)c3c(N)ncnc32)CC1,not tested,not tested,,10.1021/acs.jmedchem.4c00072,biochemical catalytic inhibition,mean ± SD where numeric; n=2 independent biological replicates,IC50 >50 µM; not tested is distinct from inactive
19,NC1=C2C(N(C3CCN(C)CC3)N=C2C4CCN(CC4)C(OC(C)(C)C)=O)=NC=N1,CN1CCC(n2nc(C3CCN(C(=O)OC(C)(C)C)CC3)c3c(N)ncnc32)CC1,not tested,not tested,,10.1021/acs.jmedchem.4c00072,biochemical catalytic inhibition,mean ± SD where numeric; n=2 independent biological replicates,IC50 >50 µM; not tested is distinct from inactive
N-Boc-protected 7,CN1C(N(C)C(C2=C1N=C(N3CCN(CCCCNC(OC(C)(C)C)=O)CC3)N2CC4=NN=C(O4)C5=CC=C(Cl)C(Cl)=C5)=O)=O,Cn1c(=O)c2c(nc(N3CCN(CCCCNC(=O)OC(C)(C)C)CC3)n2Cc2nnc(-c3ccc(Cl)c(Cl)c3)o2)n(C)c1=O,not tested,not tested,,10.1021/acs.jmedchem.4c00072,biochemical catalytic inhibition,mean ± SD where numeric; n=2 independent biological replicates,IC50 >50 µM; not tested is distinct from inactive
