pdb_id,group_PDB,id,type_symbol,label_atom_id,label_alt_id,label_comp_id,label_asym_id,label_entity_id,label_seq_id,pdbx_PDB_ins_code,Cartn_x,Cartn_y,Cartn_z,occupancy,B_iso_or_equiv,pdbx_formal_charge,auth_seq_id,auth_comp_id,auth_asym_id,auth_atom_id,pdbx_PDB_model_num,calc_flag
8RIY,HETATM,2923,C,C1,.,W0O,C,2,.,?,-27.166,2.575,4.455,1.000,58.581,0,301,W0O,AAA,C1,1,?
8RIY,HETATM,2924,C,C2,.,W0O,C,2,.,?,-28.394,4.223,3.185,1.000,56.890,0,301,W0O,AAA,C2,1,?
8RIY,HETATM,2925,C,C3,.,W0O,C,2,.,?,-29.128,5.558,3.196,1.000,57.511,0,301,W0O,AAA,C3,1,?
8RIY,HETATM,2926,C,C4,.,W0O,C,2,.,?,-27.007,4.927,5.069,1.000,59.314,0,301,W0O,AAA,C4,1,?
8RIY,HETATM,2927,N,N6,.,W0O,C,2,.,?,-29.753,8.376,4.714,1.000,47.779,0,301,W0O,AAA,N6,1,?
8RIY,HETATM,2928,C,C7,.,W0O,C,2,.,?,-28.834,8.911,2.753,1.000,45.209,0,301,W0O,AAA,C7,1,?
8RIY,HETATM,2929,C,C8,.,W0O,C,2,.,?,-28.268,9.995,0.908,1.000,45.417,0,301,W0O,AAA,C8,1,?
8RIY,HETATM,2930,C,C9,.,W0O,C,2,.,?,-29.721,11.099,2.310,1.000,41.588,0,301,W0O,AAA,C9,1,?
8RIY,HETATM,2931,C,C11,.,W0O,C,2,.,?,-30.215,9.585,4.400,1.000,46.605,0,301,W0O,AAA,C11,1,?
8RIY,HETATM,2932,C,C12,.,W0O,C,2,.,?,-31.129,10.291,5.327,1.000,47.068,0,301,W0O,AAA,C12,1,?
8RIY,HETATM,2933,C,C13,.,W0O,C,2,.,?,-32.419,9.828,5.598,1.000,45.686,0,301,W0O,AAA,C13,1,?
8RIY,HETATM,2934,C,C14,.,W0O,C,2,.,?,-33.258,10.525,6.456,1.000,45.333,0,301,W0O,AAA,C14,1,?
8RIY,HETATM,2935,C,C15,.,W0O,C,2,.,?,-32.810,11.687,7.059,1.000,45.841,0,301,W0O,AAA,C15,1,?
8RIY,HETATM,2936,C,C16,.,W0O,C,2,.,?,-34.779,12.119,8.463,1.000,51.023,0,301,W0O,AAA,C16,1,?
8RIY,HETATM,2937,C,C17,.,W0O,C,2,.,?,-34.904,10.962,9.197,1.000,53.659,0,301,W0O,AAA,C17,1,?
8RIY,HETATM,2938,C,C18,.,W0O,C,2,.,?,-36.143,10.627,9.722,1.000,55.304,0,301,W0O,AAA,C18,1,?
8RIY,HETATM,2939,C,C19,.,W0O,C,2,.,?,-37.233,11.440,9.515,1.000,55.497,0,301,W0O,AAA,C19,1,?
8RIY,HETATM,2940,C,C20,.,W0O,C,2,.,?,-37.086,12.599,8.787,1.000,53.862,0,301,W0O,AAA,C20,1,?
8RIY,HETATM,2941,C,C22,.,W0O,C,2,.,?,-31.543,12.161,6.807,1.000,44.102,0,301,W0O,AAA,C22,1,?
8RIY,HETATM,2942,C,C23,.,W0O,C,2,.,?,-30.707,11.465,5.952,1.000,46.222,0,301,W0O,AAA,C23,1,?
8RIY,HETATM,2943,C,C10,.,W0O,C,2,.,?,-29.657,9.982,3.172,1.000,44.126,0,301,W0O,AAA,C10,1,?
8RIY,HETATM,2944,C,C21,.,W0O,C,2,.,?,-35.853,12.954,8.258,1.000,51.807,0,301,W0O,AAA,C21,1,?
8RIY,HETATM,2945,C,C5,.,W0O,C,2,.,?,-27.695,6.288,5.111,1.000,56.755,0,301,W0O,AAA,C5,1,?
8RIY,HETATM,2946,C,C6,.,W0O,C,2,.,?,-28.217,6.656,3.726,1.000,53.900,0,301,W0O,AAA,C6,1,?
8RIY,HETATM,2947,N,N1,.,W0O,C,2,.,?,-27.881,3.872,4.516,1.000,58.646,0,301,W0O,AAA,N1,1,?
8RIY,HETATM,2948,N,N2,.,W0O,C,2,.,?,-28.902,7.961,3.713,1.000,49.131,0,301,W0O,AAA,N2,1,?
8RIY,HETATM,2949,N,N3,.,W0O,C,2,.,?,-28.118,8.884,1.622,1.000,43.255,0,301,W0O,AAA,N3,1,?
8RIY,HETATM,2950,N,N4,.,W0O,C,2,.,?,-29.013,11.080,1.167,1.000,42.977,0,301,W0O,AAA,N4,1,?
8RIY,HETATM,2951,N,N5,.,W0O,C,2,.,?,-30.460,12.180,2.569,1.000,40.859,0,301,W0O,AAA,N5,1,?
8RIY,HETATM,2952,O,O1,.,W0O,C,2,.,?,-33.542,12.483,7.940,1.000,47.603,0,301,W0O,AAA,O1,1,?
8RIY,HETATM,2953,C,C1,.,W0O,D,2,.,?,-41.605,34.509,10.396,1.000,60.105,0,301,W0O,BBB,C1,1,?
8RIY,HETATM,2954,C,C2,.,W0O,D,2,.,?,-41.915,32.110,10.611,1.000,53.250,0,301,W0O,BBB,C2,1,?
8RIY,HETATM,2955,C,C3,.,W0O,D,2,.,?,-41.902,30.775,9.882,1.000,49.613,0,301,W0O,BBB,C3,1,?
8RIY,HETATM,2956,C,C4,.,W0O,D,2,.,?,-40.207,33.001,9.113,1.000,51.741,0,301,W0O,BBB,C4,1,?
8RIY,HETATM,2957,N,N6,.,W0O,D,2,.,?,-39.096,28.667,8.793,1.000,39.700,0,301,W0O,BBB,N6,1,?
8RIY,HETATM,2958,C,C7,.,W0O,D,2,.,?,-41.195,28.383,8.144,1.000,39.119,0,301,W0O,BBB,C7,1,?
8RIY,HETATM,2959,C,C8,.,W0O,D,2,.,?,-43.055,27.521,7.278,1.000,40.940,0,301,W0O,BBB,C8,1,?
8RIY,HETATM,2960,C,C9,.,W0O,D,2,.,?,-41.176,26.187,7.160,1.000,38.604,0,301,W0O,BBB,C9,1,?
8RIY,HETATM,2961,C,C11,.,W0O,D,2,.,?,-39.153,27.471,8.237,1.000,40.190,0,301,W0O,BBB,C11,1,?
8RIY,HETATM,2962,C,C12,.,W0O,D,2,.,?,-37.910,26.682,8.245,1.000,43.213,0,301,W0O,BBB,C12,1,?
8RIY,HETATM,2963,C,C13,.,W0O,D,2,.,?,-36.730,27.195,7.709,1.000,42.389,0,301,W0O,BBB,C13,1,?
8RIY,HETATM,2964,C,C14,.,W0O,D,2,.,?,-35.552,26.470,7.763,1.000,41.858,0,301,W0O,BBB,C14,1,?
8RIY,HETATM,2965,C,C15,.,W0O,D,2,.,?,-35.536,25.243,8.394,1.000,42.498,0,301,W0O,BBB,C15,1,?
8RIY,HETATM,2966,C,C16,.,W0O,D,2,.,?,-33.175,24.764,7.937,1.000,37.527,0,301,W0O,BBB,C16,1,?
8RIY,HETATM,2967,C,C17,.,W0O,D,2,.,?,-32.511,25.874,8.404,1.000,37.711,0,301,W0O,BBB,C17,1,?
8RIY,HETATM,2968,C,C18,.,W0O,D,2,.,?,-31.282,26.194,7.852,1.000,37.330,0,301,W0O,BBB,C18,1,?
8RIY,HETATM,2969,C,C19,.,W0O,D,2,.,?,-30.725,25.414,6.864,1.000,35.080,0,301,W0O,BBB,C19,1,?
8RIY,HETATM,2970,C,C20,.,W0O,D,2,.,?,-31.398,24.303,6.420,1.000,34.624,0,301,W0O,BBB,C20,1,?
8RIY,HETATM,2971,C,C22,.,W0O,D,2,.,?,-36.680,24.736,8.971,1.000,44.638,0,301,W0O,BBB,C22,1,?
8RIY,HETATM,2972,C,C23,.,W0O,D,2,.,?,-37.857,25.462,8.914,1.000,45.948,0,301,W0O,BBB,C23,1,?
8RIY,HETATM,2973,C,C10,.,W0O,D,2,.,?,-40.459,27.220,7.811,1.000,39.096,0,301,W0O,BBB,C10,1,?
8RIY,HETATM,2974,C,C21,.,W0O,D,2,.,?,-32.628,23.963,6.959,1.000,35.601,0,301,W0O,BBB,C21,1,?
8RIY,HETATM,2975,C,C5,.,W0O,D,2,.,?,-40.155,31.681,8.359,1.000,49.654,0,301,W0O,BBB,C5,1,?
8RIY,HETATM,2976,C,C6,.,W0O,D,2,.,?,-40.508,30.565,9.321,1.000,46.426,0,301,W0O,BBB,C6,1,?
8RIY,HETATM,2977,N,N1,.,W0O,D,2,.,?,-41.540,33.208,9.700,1.000,55.586,0,301,W0O,BBB,N1,1,?
8RIY,HETATM,2978,N,N2,.,W0O,D,2,.,?,-40.322,29.238,8.728,1.000,40.925,0,301,W0O,BBB,N2,1,?
8RIY,HETATM,2979,N,N3,.,W0O,D,2,.,?,-42.501,28.566,7.896,1.000,38.831,0,301,W0O,BBB,N3,1,?
8RIY,HETATM,2980,N,N4,.,W0O,D,2,.,?,-42.489,26.363,6.897,1.000,39.070,0,301,W0O,BBB,N4,1,?
8RIY,HETATM,2981,N,N5,.,W0O,D,2,.,?,-40.607,25.030,6.801,1.000,37.241,0,301,W0O,BBB,N5,1,?
8RIY,HETATM,2982,O,O1,.,W0O,D,2,.,?,-34.404,24.437,8.501,1.000,40.190,0,301,W0O,BBB,O1,1,?
8OTV,HETATM,3221,C,C1,.,W0O,C,2,.,?,3.574,8.208,-31.738,1.00,55.72,?,301,W0O,A,C1,1,
8OTV,HETATM,3222,C,C2,.,W0O,C,2,.,?,1.996,9.546,-30.492,1.00,44.10,?,301,W0O,A,C2,1,
8OTV,HETATM,3223,C,C3,.,W0O,C,2,.,?,1.339,9.789,-29.138,1.00,40.72,?,301,W0O,A,C3,1,
8OTV,HETATM,3224,C,C4,.,W0O,C,2,.,?,4.035,8.773,-29.445,1.00,47.94,?,301,W0O,A,C4,1,
8OTV,HETATM,3225,N,N6,.,W0O,C,2,.,?,0.637,9.727,-26.359,1.00,34.51,?,301,W0O,A,N6,1,
8OTV,HETATM,3226,C,C7,.,W0O,C,2,.,?,2.346,11.044,-25.755,1.00,35.67,?,301,W0O,A,C7,1,
8OTV,HETATM,3227,C,C8,.,W0O,C,2,.,?,3.708,12.367,-24.597,1.00,37.15,?,301,W0O,A,C8,1,
8OTV,HETATM,3228,C,C9,.,W0O,C,2,.,?,1.815,11.649,-23.494,1.00,34.66,?,301,W0O,A,C9,1,
8OTV,HETATM,3229,C,C11,.,W0O,C,2,.,?,0.412,10.097,-25.101,1.00,36.55,?,301,W0O,A,C11,1,
8OTV,HETATM,3230,C,C12,.,W0O,C,2,.,?,-0.817,9.632,-24.436,1.00,33.37,?,301,W0O,A,C12,1,
8OTV,HETATM,3231,C,C13,.,W0O,C,2,.,?,-1.629,10.523,-23.739,1.00,33.87,?,301,W0O,A,C13,1,
8OTV,HETATM,3232,C,C14,.,W0O,C,2,.,?,-2.780,10.083,-23.107,1.00,34.51,?,301,W0O,A,C14,1,
8OTV,HETATM,3233,C,C15,.,W0O,C,2,.,?,-3.125,8.750,-23.169,1.00,34.22,?,301,W0O,A,C15,1,
8OTV,HETATM,3234,C,C16,.,W0O,C,2,.,?,-4.857,7.095,-22.713,1.00,37.06,?,301,W0O,A,C16,1,
8OTV,HETATM,3235,C,C17,.,W0O,C,2,.,?,-5.261,6.697,-23.968,1.00,34.55,?,301,W0O,A,C17,1,
8OTV,HETATM,3236,C,C18,.,W0O,C,2,.,?,-5.828,5.443,-24.123,1.00,32.87,?,301,W0O,A,C18,1,
8OTV,HETATM,3237,C,C19,.,W0O,C,2,.,?,-5.975,4.601,-23.045,1.00,30.74,?,301,W0O,A,C19,1,
8OTV,HETATM,3238,C,C20,.,W0O,C,2,.,?,-5.565,5.013,-21.800,1.00,34.16,?,301,W0O,A,C20,1,
8OTV,HETATM,3239,C,C22,.,W0O,C,2,.,?,-2.326,7.847,-23.834,1.00,33.57,?,301,W0O,A,C22,1,
8OTV,HETATM,3240,C,C23,.,W0O,C,2,.,?,-1.180,8.288,-24.473,1.00,32.30,?,301,W0O,A,C23,1,
8OTV,HETATM,3241,C,C10,.,W0O,C,2,.,?,1.449,10.945,-24.667,1.00,34.85,?,301,W0O,A,C10,1,
8OTV,HETATM,3242,C,C21,.,W0O,C,2,.,?,-4.999,6.265,-21.624,1.00,34.81,?,301,W0O,A,C21,1,
8OTV,HETATM,3243,C,C5,.,W0O,C,2,.,?,3.449,8.987,-28.056,1.00,44.15,?,301,W0O,A,C5,1,
8OTV,HETATM,3244,C,C6,.,W0O,C,2,.,?,2.406,10.097,-28.097,1.00,41.62,?,301,W0O,A,C6,1,
8OTV,HETATM,3245,N,N1,.,W0O,C,2,.,?,2.982,8.459,-30.417,1.00,49.23,?,301,W0O,A,N1,1,
8OTV,HETATM,3246,N,N2,.,W0O,C,2,.,?,1.823,10.305,-26.762,1.00,39.75,?,301,W0O,A,N2,1,
8OTV,HETATM,3247,N,N3,.,W0O,C,2,.,?,3.488,11.748,-25.754,1.00,38.09,?,301,W0O,A,N3,1,
8OTV,HETATM,3248,N,N4,.,W0O,C,2,.,?,2.958,12.363,-23.487,1.00,36.17,?,301,W0O,A,N4,1,
8OTV,HETATM,3249,N,N5,.,W0O,C,2,.,?,1.071,11.644,-22.381,1.00,35.01,?,301,W0O,A,N5,1,
8OTV,HETATM,3250,O,O1,.,W0O,C,2,.,?,-4.281,8.346,-22.507,1.00,33.43,?,301,W0O,A,O1,1,
8OTV,HETATM,3256,C,C1,.,W0O,F,2,.,?,-13.469,20.538,0.909,1.00,53.45,?,302,W0O,B,C1,1,
8OTV,HETATM,3257,C,C2,.,W0O,F,2,.,?,-11.409,20.064,-0.252,1.00,56.38,?,302,W0O,B,C2,1,
8OTV,HETATM,3258,C,C3,.,W0O,F,2,.,?,-10.773,19.521,-1.526,1.00,53.16,?,302,W0O,B,C3,1,
8OTV,HETATM,3259,C,C4,.,W0O,F,2,.,?,-13.326,20.890,-1.466,1.00,55.23,?,302,W0O,B,C4,1,
8OTV,HETATM,3260,N,N6,.,W0O,F,2,.,?,-10.563,18.433,-4.204,1.00,46.84,?,302,W0O,B,N6,1,
8OTV,HETATM,3261,C,C7,.,W0O,F,2,.,?,-10.302,20.470,-5.084,1.00,45.04,?,302,W0O,B,C7,1,
8OTV,HETATM,3262,C,C8,.,W0O,F,2,.,?,-9.828,22.147,-6.466,1.00,42.11,?,302,W0O,B,C8,1,
8OTV,HETATM,3263,C,C9,.,W0O,F,2,.,?,-9.414,20.027,-7.271,1.00,41.64,?,302,W0O,B,C9,1,
8OTV,HETATM,3264,C,C11,.,W0O,F,2,.,?,-10.078,18.261,-5.430,1.00,45.33,?,302,W0O,B,C11,1,
8OTV,HETATM,3265,C,C12,.,W0O,F,2,.,?,-9.826,16.887,-5.894,1.00,44.31,?,302,W0O,B,C12,1,
8OTV,HETATM,3266,C,C13,.,W0O,F,2,.,?,-8.673,16.560,-6.601,1.00,42.90,?,302,W0O,B,C13,1,
8OTV,HETATM,3267,C,C14,.,W0O,F,2,.,?,-8.450,15.261,-7.026,1.00,43.81,?,302,W0O,B,C14,1,
8OTV,HETATM,3268,C,C15,.,W0O,F,2,.,?,-9.384,14.283,-6.761,1.00,48.04,?,302,W0O,B,C15,1,
8OTV,HETATM,3269,C,C16,.,W0O,F,2,.,?,-9.993,11.932,-6.892,1.00,50.13,?,302,W0O,B,C16,1,
8OTV,HETATM,3270,C,C17,.,W0O,F,2,.,?,-10.185,11.549,-5.583,1.00,48.50,?,302,W0O,B,C17,1,
8OTV,HETATM,3271,C,C18,.,W0O,F,2,.,?,-11.046,10.498,-5.307,1.00,52.09,?,302,W0O,B,C18,1,
8OTV,HETATM,3272,C,C19,.,W0O,F,2,.,?,-11.703,9.845,-6.324,1.00,50.59,?,302,W0O,B,C19,1,
8OTV,HETATM,3273,C,C20,.,W0O,F,2,.,?,-11.499,10.239,-7.625,1.00,50.11,?,302,W0O,B,C20,1,
8OTV,HETATM,3274,C,C22,.,W0O,F,2,.,?,-10.546,14.591,-6.088,1.00,47.50,?,302,W0O,B,C22,1,
8OTV,HETATM,3275,C,C23,.,W0O,F,2,.,?,-10.764,15.886,-5.651,1.00,47.46,?,302,W0O,B,C23,1,
8OTV,HETATM,3276,C,C10,.,W0O,F,2,.,?,-9.875,19.513,-6.035,1.00,44.91,?,302,W0O,B,C10,1,
8OTV,HETATM,3277,C,C21,.,W0O,F,2,.,?,-10.644,11.290,-7.920,1.00,47.16,?,302,W0O,B,C21,1,
8OTV,HETATM,3278,C,C5,.,W0O,F,2,.,?,-12.759,20.390,-2.788,1.00,53.02,?,302,W0O,B,C5,1,
8OTV,HETATM,3279,C,C6,.,W0O,F,2,.,?,-11.238,20.331,-2.730,1.00,47.80,?,302,W0O,B,C6,1,
8OTV,HETATM,3280,N,N1,.,W0O,F,2,.,?,-12.874,20.059,-0.346,1.00,54.02,?,302,W0O,B,N1,1,
8OTV,HETATM,3281,N,N2,.,W0O,F,2,.,?,-10.700,19.784,-3.985,1.00,45.33,?,302,W0O,B,N2,1,
8OTV,HETATM,3282,N,N3,.,W0O,F,2,.,?,-10.288,21.799,-5.268,1.00,42.46,?,302,W0O,B,N3,1,
8OTV,HETATM,3283,N,N4,.,W0O,F,2,.,?,-9.399,21.361,-7.460,1.00,40.07,?,302,W0O,B,N4,1,
8OTV,HETATM,3284,N,N5,.,W0O,F,2,.,?,-8.990,19.249,-8.274,1.00,37.63,?,302,W0O,B,N5,1,
8OTV,HETATM,3285,O,O1,.,W0O,F,2,.,?,-9.146,12.989,-7.220,1.00,46.99,?,302,W0O,B,O1,1,
