pdb_id,group_PDB,id,type_symbol,label_atom_id,label_alt_id,label_comp_id,label_asym_id,label_entity_id,label_seq_id,pdbx_PDB_ins_code,Cartn_x,Cartn_y,Cartn_z,occupancy,B_iso_or_equiv,pdbx_formal_charge,auth_seq_id,auth_comp_id,auth_asym_id,auth_atom_id,pdbx_PDB_model_num,calc_flag,exclusion_reasons,query_ligand_when_own_site
8RIY,ATOM,314,C,CZ,.,ARG,A,1,52,?,-35.769,5.664,7.289,0.000,40.868,0,51,ARG,AAA,CZ,1,?,zero_occupancy,false
8RIY,HETATM,2923,C,C1,.,W0O,C,2,.,?,-27.166,2.575,4.455,1.000,58.581,0,301,W0O,AAA,C1,1,?,not_protein_receptor_atom,true
8RIY,HETATM,2924,C,C2,.,W0O,C,2,.,?,-28.394,4.223,3.185,1.000,56.890,0,301,W0O,AAA,C2,1,?,not_protein_receptor_atom,true
8RIY,HETATM,2925,C,C3,.,W0O,C,2,.,?,-29.128,5.558,3.196,1.000,57.511,0,301,W0O,AAA,C3,1,?,not_protein_receptor_atom,true
8RIY,HETATM,2926,C,C4,.,W0O,C,2,.,?,-27.007,4.927,5.069,1.000,59.314,0,301,W0O,AAA,C4,1,?,not_protein_receptor_atom,true
8RIY,HETATM,2927,N,N6,.,W0O,C,2,.,?,-29.753,8.376,4.714,1.000,47.779,0,301,W0O,AAA,N6,1,?,not_protein_receptor_atom,true
8RIY,HETATM,2928,C,C7,.,W0O,C,2,.,?,-28.834,8.911,2.753,1.000,45.209,0,301,W0O,AAA,C7,1,?,not_protein_receptor_atom,true
8RIY,HETATM,2929,C,C8,.,W0O,C,2,.,?,-28.268,9.995,0.908,1.000,45.417,0,301,W0O,AAA,C8,1,?,not_protein_receptor_atom,true
8RIY,HETATM,2930,C,C9,.,W0O,C,2,.,?,-29.721,11.099,2.310,1.000,41.588,0,301,W0O,AAA,C9,1,?,not_protein_receptor_atom,true
8RIY,HETATM,2931,C,C11,.,W0O,C,2,.,?,-30.215,9.585,4.400,1.000,46.605,0,301,W0O,AAA,C11,1,?,not_protein_receptor_atom,true
8RIY,HETATM,2932,C,C12,.,W0O,C,2,.,?,-31.129,10.291,5.327,1.000,47.068,0,301,W0O,AAA,C12,1,?,not_protein_receptor_atom,true
8RIY,HETATM,2933,C,C13,.,W0O,C,2,.,?,-32.419,9.828,5.598,1.000,45.686,0,301,W0O,AAA,C13,1,?,not_protein_receptor_atom,true
8RIY,HETATM,2934,C,C14,.,W0O,C,2,.,?,-33.258,10.525,6.456,1.000,45.333,0,301,W0O,AAA,C14,1,?,not_protein_receptor_atom,true
8RIY,HETATM,2935,C,C15,.,W0O,C,2,.,?,-32.810,11.687,7.059,1.000,45.841,0,301,W0O,AAA,C15,1,?,not_protein_receptor_atom,true
8RIY,HETATM,2936,C,C16,.,W0O,C,2,.,?,-34.779,12.119,8.463,1.000,51.023,0,301,W0O,AAA,C16,1,?,not_protein_receptor_atom,true
8RIY,HETATM,2937,C,C17,.,W0O,C,2,.,?,-34.904,10.962,9.197,1.000,53.659,0,301,W0O,AAA,C17,1,?,not_protein_receptor_atom,true
8RIY,HETATM,2938,C,C18,.,W0O,C,2,.,?,-36.143,10.627,9.722,1.000,55.304,0,301,W0O,AAA,C18,1,?,not_protein_receptor_atom,true
8RIY,HETATM,2939,C,C19,.,W0O,C,2,.,?,-37.233,11.440,9.515,1.000,55.497,0,301,W0O,AAA,C19,1,?,not_protein_receptor_atom,true
8RIY,HETATM,2940,C,C20,.,W0O,C,2,.,?,-37.086,12.599,8.787,1.000,53.862,0,301,W0O,AAA,C20,1,?,not_protein_receptor_atom,true
8RIY,HETATM,2941,C,C22,.,W0O,C,2,.,?,-31.543,12.161,6.807,1.000,44.102,0,301,W0O,AAA,C22,1,?,not_protein_receptor_atom,true
8RIY,HETATM,2942,C,C23,.,W0O,C,2,.,?,-30.707,11.465,5.952,1.000,46.222,0,301,W0O,AAA,C23,1,?,not_protein_receptor_atom,true
8RIY,HETATM,2943,C,C10,.,W0O,C,2,.,?,-29.657,9.982,3.172,1.000,44.126,0,301,W0O,AAA,C10,1,?,not_protein_receptor_atom,true
8RIY,HETATM,2944,C,C21,.,W0O,C,2,.,?,-35.853,12.954,8.258,1.000,51.807,0,301,W0O,AAA,C21,1,?,not_protein_receptor_atom,true
8RIY,HETATM,2945,C,C5,.,W0O,C,2,.,?,-27.695,6.288,5.111,1.000,56.755,0,301,W0O,AAA,C5,1,?,not_protein_receptor_atom,true
8RIY,HETATM,2946,C,C6,.,W0O,C,2,.,?,-28.217,6.656,3.726,1.000,53.900,0,301,W0O,AAA,C6,1,?,not_protein_receptor_atom,true
8RIY,HETATM,2947,N,N1,.,W0O,C,2,.,?,-27.881,3.872,4.516,1.000,58.646,0,301,W0O,AAA,N1,1,?,not_protein_receptor_atom,true
8RIY,HETATM,2948,N,N2,.,W0O,C,2,.,?,-28.902,7.961,3.713,1.000,49.131,0,301,W0O,AAA,N2,1,?,not_protein_receptor_atom,true
8RIY,HETATM,2949,N,N3,.,W0O,C,2,.,?,-28.118,8.884,1.622,1.000,43.255,0,301,W0O,AAA,N3,1,?,not_protein_receptor_atom,true
8RIY,HETATM,2950,N,N4,.,W0O,C,2,.,?,-29.013,11.080,1.167,1.000,42.977,0,301,W0O,AAA,N4,1,?,not_protein_receptor_atom,true
8RIY,HETATM,2951,N,N5,.,W0O,C,2,.,?,-30.460,12.180,2.569,1.000,40.859,0,301,W0O,AAA,N5,1,?,not_protein_receptor_atom,true
8RIY,HETATM,2952,O,O1,.,W0O,C,2,.,?,-33.542,12.483,7.940,1.000,47.603,0,301,W0O,AAA,O1,1,?,not_protein_receptor_atom,true
8RIY,HETATM,2953,C,C1,.,W0O,D,2,.,?,-41.605,34.509,10.396,1.000,60.105,0,301,W0O,BBB,C1,1,?,not_protein_receptor_atom,true
8RIY,HETATM,2954,C,C2,.,W0O,D,2,.,?,-41.915,32.110,10.611,1.000,53.250,0,301,W0O,BBB,C2,1,?,not_protein_receptor_atom,true
8RIY,HETATM,2955,C,C3,.,W0O,D,2,.,?,-41.902,30.775,9.882,1.000,49.613,0,301,W0O,BBB,C3,1,?,not_protein_receptor_atom,true
8RIY,HETATM,2956,C,C4,.,W0O,D,2,.,?,-40.207,33.001,9.113,1.000,51.741,0,301,W0O,BBB,C4,1,?,not_protein_receptor_atom,true
8RIY,HETATM,2957,N,N6,.,W0O,D,2,.,?,-39.096,28.667,8.793,1.000,39.700,0,301,W0O,BBB,N6,1,?,not_protein_receptor_atom,true
8RIY,HETATM,2958,C,C7,.,W0O,D,2,.,?,-41.195,28.383,8.144,1.000,39.119,0,301,W0O,BBB,C7,1,?,not_protein_receptor_atom,true
8RIY,HETATM,2959,C,C8,.,W0O,D,2,.,?,-43.055,27.521,7.278,1.000,40.940,0,301,W0O,BBB,C8,1,?,not_protein_receptor_atom,true
8RIY,HETATM,2960,C,C9,.,W0O,D,2,.,?,-41.176,26.187,7.160,1.000,38.604,0,301,W0O,BBB,C9,1,?,not_protein_receptor_atom,true
8RIY,HETATM,2961,C,C11,.,W0O,D,2,.,?,-39.153,27.471,8.237,1.000,40.190,0,301,W0O,BBB,C11,1,?,not_protein_receptor_atom,true
8RIY,HETATM,2962,C,C12,.,W0O,D,2,.,?,-37.910,26.682,8.245,1.000,43.213,0,301,W0O,BBB,C12,1,?,not_protein_receptor_atom,true
8RIY,HETATM,2963,C,C13,.,W0O,D,2,.,?,-36.730,27.195,7.709,1.000,42.389,0,301,W0O,BBB,C13,1,?,not_protein_receptor_atom,true
8RIY,HETATM,2964,C,C14,.,W0O,D,2,.,?,-35.552,26.470,7.763,1.000,41.858,0,301,W0O,BBB,C14,1,?,not_protein_receptor_atom,true
8RIY,HETATM,2965,C,C15,.,W0O,D,2,.,?,-35.536,25.243,8.394,1.000,42.498,0,301,W0O,BBB,C15,1,?,not_protein_receptor_atom,true
8RIY,HETATM,2966,C,C16,.,W0O,D,2,.,?,-33.175,24.764,7.937,1.000,37.527,0,301,W0O,BBB,C16,1,?,not_protein_receptor_atom,true
8RIY,HETATM,2967,C,C17,.,W0O,D,2,.,?,-32.511,25.874,8.404,1.000,37.711,0,301,W0O,BBB,C17,1,?,not_protein_receptor_atom,true
8RIY,HETATM,2968,C,C18,.,W0O,D,2,.,?,-31.282,26.194,7.852,1.000,37.330,0,301,W0O,BBB,C18,1,?,not_protein_receptor_atom,true
8RIY,HETATM,2969,C,C19,.,W0O,D,2,.,?,-30.725,25.414,6.864,1.000,35.080,0,301,W0O,BBB,C19,1,?,not_protein_receptor_atom,true
8RIY,HETATM,2970,C,C20,.,W0O,D,2,.,?,-31.398,24.303,6.420,1.000,34.624,0,301,W0O,BBB,C20,1,?,not_protein_receptor_atom,true
8RIY,HETATM,2971,C,C22,.,W0O,D,2,.,?,-36.680,24.736,8.971,1.000,44.638,0,301,W0O,BBB,C22,1,?,not_protein_receptor_atom,true
8RIY,HETATM,2972,C,C23,.,W0O,D,2,.,?,-37.857,25.462,8.914,1.000,45.948,0,301,W0O,BBB,C23,1,?,not_protein_receptor_atom,true
8RIY,HETATM,2973,C,C10,.,W0O,D,2,.,?,-40.459,27.220,7.811,1.000,39.096,0,301,W0O,BBB,C10,1,?,not_protein_receptor_atom,true
8RIY,HETATM,2974,C,C21,.,W0O,D,2,.,?,-32.628,23.963,6.959,1.000,35.601,0,301,W0O,BBB,C21,1,?,not_protein_receptor_atom,true
8RIY,HETATM,2975,C,C5,.,W0O,D,2,.,?,-40.155,31.681,8.359,1.000,49.654,0,301,W0O,BBB,C5,1,?,not_protein_receptor_atom,true
8RIY,HETATM,2976,C,C6,.,W0O,D,2,.,?,-40.508,30.565,9.321,1.000,46.426,0,301,W0O,BBB,C6,1,?,not_protein_receptor_atom,true
8RIY,HETATM,2977,N,N1,.,W0O,D,2,.,?,-41.540,33.208,9.700,1.000,55.586,0,301,W0O,BBB,N1,1,?,not_protein_receptor_atom,true
8RIY,HETATM,2978,N,N2,.,W0O,D,2,.,?,-40.322,29.238,8.728,1.000,40.925,0,301,W0O,BBB,N2,1,?,not_protein_receptor_atom,true
8RIY,HETATM,2979,N,N3,.,W0O,D,2,.,?,-42.501,28.566,7.896,1.000,38.831,0,301,W0O,BBB,N3,1,?,not_protein_receptor_atom,true
8RIY,HETATM,2980,N,N4,.,W0O,D,2,.,?,-42.489,26.363,6.897,1.000,39.070,0,301,W0O,BBB,N4,1,?,not_protein_receptor_atom,true
8RIY,HETATM,2981,N,N5,.,W0O,D,2,.,?,-40.607,25.030,6.801,1.000,37.241,0,301,W0O,BBB,N5,1,?,not_protein_receptor_atom,true
8RIY,HETATM,2982,O,O1,.,W0O,D,2,.,?,-34.404,24.437,8.501,1.000,40.190,0,301,W0O,BBB,O1,1,?,not_protein_receptor_atom,true
8RIY,HETATM,2983,O,O,.,HOH,E,3,.,?,-37.317,15.704,14.452,1.000,25.364,0,401,HOH,AAA,O,1,?,not_protein_receptor_atom,false
8RIY,HETATM,2984,O,O,.,HOH,E,3,.,?,-23.433,8.321,11.916,1.000,34.556,0,402,HOH,AAA,O,1,?,not_protein_receptor_atom,false
8RIY,HETATM,2985,O,O,.,HOH,E,3,.,?,-35.043,6.948,3.993,1.000,45.761,0,403,HOH,AAA,O,1,?,not_protein_receptor_atom,false
8RIY,HETATM,2986,O,O,.,HOH,E,3,.,?,-48.339,28.581,13.960,1.000,26.920,0,404,HOH,AAA,O,1,?,not_protein_receptor_atom,false
8RIY,HETATM,2987,O,O,.,HOH,E,3,.,?,-8.963,-6.050,16.581,1.000,44.568,0,405,HOH,AAA,O,1,?,not_protein_receptor_atom,false
8RIY,HETATM,2988,O,O,.,HOH,E,3,.,?,-44.866,13.072,11.861,1.000,41.299,0,406,HOH,AAA,O,1,?,not_protein_receptor_atom,false
8RIY,HETATM,2989,O,O,.,HOH,E,3,.,?,-36.696,3.791,25.916,1.000,20.689,0,407,HOH,AAA,O,1,?,not_protein_receptor_atom,false
8RIY,HETATM,2990,O,O,.,HOH,E,3,.,?,-6.169,8.370,36.499,1.000,41.472,0,408,HOH,AAA,O,1,?,not_protein_receptor_atom,false
8RIY,HETATM,2991,O,O,.,HOH,E,3,.,?,-36.660,1.698,24.676,1.000,27.088,0,409,HOH,AAA,O,1,?,not_protein_receptor_atom,false
8RIY,HETATM,2992,O,O,.,HOH,E,3,.,?,-4.835,11.043,33.429,1.000,40.882,0,410,HOH,AAA,O,1,?,not_protein_receptor_atom,false
8RIY,HETATM,2993,O,O,.,HOH,E,3,.,?,-5.410,10.147,35.473,1.000,30.454,0,411,HOH,AAA,O,1,?,not_protein_receptor_atom,false
8RIY,HETATM,2994,O,O,.,HOH,F,3,.,?,-39.534,29.285,18.823,1.000,39.943,0,401,HOH,BBB,O,1,?,not_protein_receptor_atom,false
8RIY,HETATM,2995,O,O,.,HOH,F,3,.,?,-16.814,21.132,-0.979,1.000,18.129,0,402,HOH,BBB,O,1,?,not_protein_receptor_atom,false
8RIY,HETATM,2996,O,O,.,HOH,F,3,.,?,-30.528,15.673,34.701,1.000,26.112,0,403,HOH,BBB,O,1,?,not_protein_receptor_atom,false
8RIY,HETATM,2997,O,O,.,HOH,F,3,.,?,-8.269,7.755,2.274,1.000,27.709,0,404,HOH,BBB,O,1,?,not_protein_receptor_atom,false
8RIY,HETATM,2998,O,O,.,HOH,F,3,.,?,-43.398,32.408,31.663,1.000,44.446,0,405,HOH,BBB,O,1,?,not_protein_receptor_atom,false
8RIY,HETATM,2999,O,O,.,HOH,F,3,.,?,-37.006,24.281,44.442,1.000,15.514,0,406,HOH,BBB,O,1,?,not_protein_receptor_atom,false
8RIY,HETATM,3000,O,O,.,HOH,F,3,.,?,-48.192,31.851,23.059,1.000,41.055,0,407,HOH,BBB,O,1,?,not_protein_receptor_atom,false
8RIY,HETATM,3001,O,O,.,HOH,F,3,.,?,-38.688,23.462,-7.643,1.000,23.693,0,408,HOH,BBB,O,1,?,not_protein_receptor_atom,false
8RIY,HETATM,3002,O,O,.,HOH,F,3,.,?,-38.129,32.578,1.879,1.000,26.003,0,409,HOH,BBB,O,1,?,not_protein_receptor_atom,false
8RIY,HETATM,3003,O,O,.,HOH,F,3,.,?,-9.392,17.458,-1.076,1.000,14.268,0,410,HOH,BBB,O,1,?,not_protein_receptor_atom,false
8RIY,HETATM,3004,O,O,.,HOH,F,3,.,?,-30.854,11.935,-5.377,1.000,34.606,0,411,HOH,BBB,O,1,?,not_protein_receptor_atom,false
8RIY,HETATM,3005,O,O,.,HOH,F,3,.,?,-3.606,10.897,2.527,1.000,42.478,0,412,HOH,BBB,O,1,?,not_protein_receptor_atom,false
8RIY,HETATM,3006,O,O,.,HOH,F,3,.,?,-44.088,25.827,14.597,1.000,21.880,0,413,HOH,BBB,O,1,?,not_protein_receptor_atom,false
8RIY,HETATM,3007,O,O,.,HOH,F,3,.,?,-30.368,40.547,38.692,1.000,33.439,0,414,HOH,BBB,O,1,?,not_protein_receptor_atom,false
8RIY,HETATM,3008,O,O,.,HOH,F,3,.,?,-43.501,12.097,14.251,1.000,24.853,0,415,HOH,BBB,O,1,?,not_protein_receptor_atom,false
8RIY,HETATM,3009,O,O,.,HOH,F,3,.,?,-17.003,15.890,34.485,1.000,19.549,0,416,HOH,BBB,O,1,?,not_protein_receptor_atom,false
8RIY,HETATM,3010,O,O,.,HOH,F,3,.,?,-36.246,32.902,5.133,1.000,31.200,0,417,HOH,BBB,O,1,?,not_protein_receptor_atom,false
8RIY,HETATM,3011,O,O,.,HOH,F,3,.,?,-22.910,10.148,-8.869,1.000,49.643,0,418,HOH,BBB,O,1,?,not_protein_receptor_atom,false
8RIY,HETATM,3012,O,O,.,HOH,F,3,.,?,-28.369,35.169,5.162,1.000,34.880,0,419,HOH,BBB,O,1,?,not_protein_receptor_atom,false
8RIY,HETATM,3013,O,O,.,HOH,F,3,.,?,-45.064,33.878,37.160,1.000,36.053,0,420,HOH,BBB,O,1,?,not_protein_receptor_atom,false
8RIY,HETATM,3014,O,O,.,HOH,F,3,.,?,-34.325,25.453,16.254,1.000,33.445,0,421,HOH,BBB,O,1,?,not_protein_receptor_atom,false
8RIY,HETATM,3015,O,O,.,HOH,F,3,.,?,-35.916,22.048,-11.594,1.000,38.458,0,422,HOH,BBB,O,1,?,not_protein_receptor_atom,false
8OTV,HETATM,3221,C,C1,.,W0O,C,2,.,?,3.574,8.208,-31.738,1.00,55.72,?,301,W0O,A,C1,1,,not_protein_receptor_atom,true
8OTV,HETATM,3222,C,C2,.,W0O,C,2,.,?,1.996,9.546,-30.492,1.00,44.10,?,301,W0O,A,C2,1,,not_protein_receptor_atom,true
8OTV,HETATM,3223,C,C3,.,W0O,C,2,.,?,1.339,9.789,-29.138,1.00,40.72,?,301,W0O,A,C3,1,,not_protein_receptor_atom,true
8OTV,HETATM,3224,C,C4,.,W0O,C,2,.,?,4.035,8.773,-29.445,1.00,47.94,?,301,W0O,A,C4,1,,not_protein_receptor_atom,true
8OTV,HETATM,3225,N,N6,.,W0O,C,2,.,?,0.637,9.727,-26.359,1.00,34.51,?,301,W0O,A,N6,1,,not_protein_receptor_atom,true
8OTV,HETATM,3226,C,C7,.,W0O,C,2,.,?,2.346,11.044,-25.755,1.00,35.67,?,301,W0O,A,C7,1,,not_protein_receptor_atom,true
8OTV,HETATM,3227,C,C8,.,W0O,C,2,.,?,3.708,12.367,-24.597,1.00,37.15,?,301,W0O,A,C8,1,,not_protein_receptor_atom,true
8OTV,HETATM,3228,C,C9,.,W0O,C,2,.,?,1.815,11.649,-23.494,1.00,34.66,?,301,W0O,A,C9,1,,not_protein_receptor_atom,true
8OTV,HETATM,3229,C,C11,.,W0O,C,2,.,?,0.412,10.097,-25.101,1.00,36.55,?,301,W0O,A,C11,1,,not_protein_receptor_atom,true
8OTV,HETATM,3230,C,C12,.,W0O,C,2,.,?,-0.817,9.632,-24.436,1.00,33.37,?,301,W0O,A,C12,1,,not_protein_receptor_atom,true
8OTV,HETATM,3231,C,C13,.,W0O,C,2,.,?,-1.629,10.523,-23.739,1.00,33.87,?,301,W0O,A,C13,1,,not_protein_receptor_atom,true
8OTV,HETATM,3232,C,C14,.,W0O,C,2,.,?,-2.780,10.083,-23.107,1.00,34.51,?,301,W0O,A,C14,1,,not_protein_receptor_atom,true
8OTV,HETATM,3233,C,C15,.,W0O,C,2,.,?,-3.125,8.750,-23.169,1.00,34.22,?,301,W0O,A,C15,1,,not_protein_receptor_atom,true
8OTV,HETATM,3234,C,C16,.,W0O,C,2,.,?,-4.857,7.095,-22.713,1.00,37.06,?,301,W0O,A,C16,1,,not_protein_receptor_atom,true
8OTV,HETATM,3235,C,C17,.,W0O,C,2,.,?,-5.261,6.697,-23.968,1.00,34.55,?,301,W0O,A,C17,1,,not_protein_receptor_atom,true
8OTV,HETATM,3236,C,C18,.,W0O,C,2,.,?,-5.828,5.443,-24.123,1.00,32.87,?,301,W0O,A,C18,1,,not_protein_receptor_atom,true
8OTV,HETATM,3237,C,C19,.,W0O,C,2,.,?,-5.975,4.601,-23.045,1.00,30.74,?,301,W0O,A,C19,1,,not_protein_receptor_atom,true
8OTV,HETATM,3238,C,C20,.,W0O,C,2,.,?,-5.565,5.013,-21.800,1.00,34.16,?,301,W0O,A,C20,1,,not_protein_receptor_atom,true
8OTV,HETATM,3239,C,C22,.,W0O,C,2,.,?,-2.326,7.847,-23.834,1.00,33.57,?,301,W0O,A,C22,1,,not_protein_receptor_atom,true
8OTV,HETATM,3240,C,C23,.,W0O,C,2,.,?,-1.180,8.288,-24.473,1.00,32.30,?,301,W0O,A,C23,1,,not_protein_receptor_atom,true
8OTV,HETATM,3241,C,C10,.,W0O,C,2,.,?,1.449,10.945,-24.667,1.00,34.85,?,301,W0O,A,C10,1,,not_protein_receptor_atom,true
8OTV,HETATM,3242,C,C21,.,W0O,C,2,.,?,-4.999,6.265,-21.624,1.00,34.81,?,301,W0O,A,C21,1,,not_protein_receptor_atom,true
8OTV,HETATM,3243,C,C5,.,W0O,C,2,.,?,3.449,8.987,-28.056,1.00,44.15,?,301,W0O,A,C5,1,,not_protein_receptor_atom,true
8OTV,HETATM,3244,C,C6,.,W0O,C,2,.,?,2.406,10.097,-28.097,1.00,41.62,?,301,W0O,A,C6,1,,not_protein_receptor_atom,true
8OTV,HETATM,3245,N,N1,.,W0O,C,2,.,?,2.982,8.459,-30.417,1.00,49.23,?,301,W0O,A,N1,1,,not_protein_receptor_atom,true
8OTV,HETATM,3246,N,N2,.,W0O,C,2,.,?,1.823,10.305,-26.762,1.00,39.75,?,301,W0O,A,N2,1,,not_protein_receptor_atom,true
8OTV,HETATM,3247,N,N3,.,W0O,C,2,.,?,3.488,11.748,-25.754,1.00,38.09,?,301,W0O,A,N3,1,,not_protein_receptor_atom,true
8OTV,HETATM,3248,N,N4,.,W0O,C,2,.,?,2.958,12.363,-23.487,1.00,36.17,?,301,W0O,A,N4,1,,not_protein_receptor_atom,true
8OTV,HETATM,3249,N,N5,.,W0O,C,2,.,?,1.071,11.644,-22.381,1.00,35.01,?,301,W0O,A,N5,1,,not_protein_receptor_atom,true
8OTV,HETATM,3250,O,O1,.,W0O,C,2,.,?,-4.281,8.346,-22.507,1.00,33.43,?,301,W0O,A,O1,1,,not_protein_receptor_atom,true
8OTV,HETATM,3251,S,S,.,DMS,D,3,.,?,-6.472,-7.937,-9.035,1.00,96.21,?,302,DMS,A,S,1,,not_protein_receptor_atom,false
8OTV,HETATM,3252,O,O,.,DMS,D,3,.,?,-7.644,-8.488,-9.793,1.00,67.76,?,302,DMS,A,O,1,,not_protein_receptor_atom,false
8OTV,HETATM,3253,C,C1,.,DMS,D,3,.,?,-5.009,-8.034,-10.094,1.00,66.93,?,302,DMS,A,C1,1,,not_protein_receptor_atom,false
8OTV,HETATM,3254,C,C2,.,DMS,D,3,.,?,-6.010,-9.034,-7.662,1.00,59.54,?,302,DMS,A,C2,1,,not_protein_receptor_atom,false
8OTV,HETATM,3255,MG,MG,.,MG,E,4,.,?,-0.351,3.309,-29.525,1.00,46.87,?,301,MG,B,MG,1,,not_protein_receptor_atom,false
8OTV,HETATM,3256,C,C1,.,W0O,F,2,.,?,-13.469,20.538,0.909,1.00,53.45,?,302,W0O,B,C1,1,,not_protein_receptor_atom,true
8OTV,HETATM,3257,C,C2,.,W0O,F,2,.,?,-11.409,20.064,-0.252,1.00,56.38,?,302,W0O,B,C2,1,,not_protein_receptor_atom,true
8OTV,HETATM,3258,C,C3,.,W0O,F,2,.,?,-10.773,19.521,-1.526,1.00,53.16,?,302,W0O,B,C3,1,,not_protein_receptor_atom,true
8OTV,HETATM,3259,C,C4,.,W0O,F,2,.,?,-13.326,20.890,-1.466,1.00,55.23,?,302,W0O,B,C4,1,,not_protein_receptor_atom,true
8OTV,HETATM,3260,N,N6,.,W0O,F,2,.,?,-10.563,18.433,-4.204,1.00,46.84,?,302,W0O,B,N6,1,,not_protein_receptor_atom,true
8OTV,HETATM,3261,C,C7,.,W0O,F,2,.,?,-10.302,20.470,-5.084,1.00,45.04,?,302,W0O,B,C7,1,,not_protein_receptor_atom,true
8OTV,HETATM,3262,C,C8,.,W0O,F,2,.,?,-9.828,22.147,-6.466,1.00,42.11,?,302,W0O,B,C8,1,,not_protein_receptor_atom,true
8OTV,HETATM,3263,C,C9,.,W0O,F,2,.,?,-9.414,20.027,-7.271,1.00,41.64,?,302,W0O,B,C9,1,,not_protein_receptor_atom,true
8OTV,HETATM,3264,C,C11,.,W0O,F,2,.,?,-10.078,18.261,-5.430,1.00,45.33,?,302,W0O,B,C11,1,,not_protein_receptor_atom,true
8OTV,HETATM,3265,C,C12,.,W0O,F,2,.,?,-9.826,16.887,-5.894,1.00,44.31,?,302,W0O,B,C12,1,,not_protein_receptor_atom,true
8OTV,HETATM,3266,C,C13,.,W0O,F,2,.,?,-8.673,16.560,-6.601,1.00,42.90,?,302,W0O,B,C13,1,,not_protein_receptor_atom,true
8OTV,HETATM,3267,C,C14,.,W0O,F,2,.,?,-8.450,15.261,-7.026,1.00,43.81,?,302,W0O,B,C14,1,,not_protein_receptor_atom,true
8OTV,HETATM,3268,C,C15,.,W0O,F,2,.,?,-9.384,14.283,-6.761,1.00,48.04,?,302,W0O,B,C15,1,,not_protein_receptor_atom,true
8OTV,HETATM,3269,C,C16,.,W0O,F,2,.,?,-9.993,11.932,-6.892,1.00,50.13,?,302,W0O,B,C16,1,,not_protein_receptor_atom,true
8OTV,HETATM,3270,C,C17,.,W0O,F,2,.,?,-10.185,11.549,-5.583,1.00,48.50,?,302,W0O,B,C17,1,,not_protein_receptor_atom,true
8OTV,HETATM,3271,C,C18,.,W0O,F,2,.,?,-11.046,10.498,-5.307,1.00,52.09,?,302,W0O,B,C18,1,,not_protein_receptor_atom,true
8OTV,HETATM,3272,C,C19,.,W0O,F,2,.,?,-11.703,9.845,-6.324,1.00,50.59,?,302,W0O,B,C19,1,,not_protein_receptor_atom,true
8OTV,HETATM,3273,C,C20,.,W0O,F,2,.,?,-11.499,10.239,-7.625,1.00,50.11,?,302,W0O,B,C20,1,,not_protein_receptor_atom,true
8OTV,HETATM,3274,C,C22,.,W0O,F,2,.,?,-10.546,14.591,-6.088,1.00,47.50,?,302,W0O,B,C22,1,,not_protein_receptor_atom,true
8OTV,HETATM,3275,C,C23,.,W0O,F,2,.,?,-10.764,15.886,-5.651,1.00,47.46,?,302,W0O,B,C23,1,,not_protein_receptor_atom,true
8OTV,HETATM,3276,C,C10,.,W0O,F,2,.,?,-9.875,19.513,-6.035,1.00,44.91,?,302,W0O,B,C10,1,,not_protein_receptor_atom,true
8OTV,HETATM,3277,C,C21,.,W0O,F,2,.,?,-10.644,11.290,-7.920,1.00,47.16,?,302,W0O,B,C21,1,,not_protein_receptor_atom,true
8OTV,HETATM,3278,C,C5,.,W0O,F,2,.,?,-12.759,20.390,-2.788,1.00,53.02,?,302,W0O,B,C5,1,,not_protein_receptor_atom,true
8OTV,HETATM,3279,C,C6,.,W0O,F,2,.,?,-11.238,20.331,-2.730,1.00,47.80,?,302,W0O,B,C6,1,,not_protein_receptor_atom,true
8OTV,HETATM,3280,N,N1,.,W0O,F,2,.,?,-12.874,20.059,-0.346,1.00,54.02,?,302,W0O,B,N1,1,,not_protein_receptor_atom,true
8OTV,HETATM,3281,N,N2,.,W0O,F,2,.,?,-10.700,19.784,-3.985,1.00,45.33,?,302,W0O,B,N2,1,,not_protein_receptor_atom,true
8OTV,HETATM,3282,N,N3,.,W0O,F,2,.,?,-10.288,21.799,-5.268,1.00,42.46,?,302,W0O,B,N3,1,,not_protein_receptor_atom,true
8OTV,HETATM,3283,N,N4,.,W0O,F,2,.,?,-9.399,21.361,-7.460,1.00,40.07,?,302,W0O,B,N4,1,,not_protein_receptor_atom,true
8OTV,HETATM,3284,N,N5,.,W0O,F,2,.,?,-8.990,19.249,-8.274,1.00,37.63,?,302,W0O,B,N5,1,,not_protein_receptor_atom,true
8OTV,HETATM,3285,O,O1,.,W0O,F,2,.,?,-9.146,12.989,-7.220,1.00,46.99,?,302,W0O,B,O1,1,,not_protein_receptor_atom,true
8OTV,HETATM,3286,O,O,.,HOH,G,5,.,?,-7.355,13.440,-0.126,1.00,52.79,?,401,HOH,A,O,1,,not_protein_receptor_atom,false
8OTV,HETATM,3287,O,O,.,HOH,G,5,.,?,-22.514,3.960,-18.767,1.00,49.84,?,402,HOH,A,O,1,,not_protein_receptor_atom,false
8OTV,HETATM,3288,O,O,.,HOH,G,5,.,?,-7.491,0.889,-14.955,1.00,39.10,?,403,HOH,A,O,1,,not_protein_receptor_atom,false
8OTV,HETATM,3289,O,O,.,HOH,G,5,.,?,-14.379,20.184,-28.848,1.00,51.48,?,404,HOH,A,O,1,,not_protein_receptor_atom,false
8OTV,HETATM,3290,O,O,.,HOH,G,5,.,?,-21.795,30.200,-17.184,1.00,51.57,?,405,HOH,A,O,1,,not_protein_receptor_atom,false
8OTV,HETATM,3291,O,O,.,HOH,G,5,.,?,7.285,13.668,-26.202,1.00,45.15,?,406,HOH,A,O,1,,not_protein_receptor_atom,false
8OTV,HETATM,3292,O,O,.,HOH,G,5,.,?,-25.456,13.514,-14.787,1.00,45.54,?,407,HOH,A,O,1,,not_protein_receptor_atom,false
8OTV,HETATM,3293,O,O,.,HOH,G,5,.,?,-5.194,7.393,-12.272,1.00,48.74,?,408,HOH,A,O,1,,not_protein_receptor_atom,false
8OTV,HETATM,3294,O,O,.,HOH,G,5,.,?,7.545,4.965,-25.026,1.00,44.84,?,409,HOH,A,O,1,,not_protein_receptor_atom,false
8OTV,HETATM,3295,O,O,.,HOH,G,5,.,?,-16.139,8.420,-5.660,1.00,39.59,?,410,HOH,A,O,1,,not_protein_receptor_atom,false
8OTV,HETATM,3296,O,O,.,HOH,G,5,.,?,-26.765,8.057,-24.388,1.00,60.85,?,411,HOH,A,O,1,,not_protein_receptor_atom,false
8OTV,HETATM,3297,O,O,.,HOH,G,5,.,?,-2.886,6.376,3.223,1.00,46.80,?,412,HOH,A,O,1,,not_protein_receptor_atom,false
8OTV,HETATM,3298,O,O,.,HOH,G,5,.,?,-9.094,-6.876,3.072,1.00,51.25,?,413,HOH,A,O,1,,not_protein_receptor_atom,false
8OTV,HETATM,3299,O,O,.,HOH,G,5,.,?,-7.757,0.554,12.227,1.00,42.22,?,414,HOH,A,O,1,,not_protein_receptor_atom,false
8OTV,HETATM,3300,O,O,.,HOH,G,5,.,?,-15.307,10.313,-4.139,1.00,43.62,?,415,HOH,A,O,1,,not_protein_receptor_atom,false
8OTV,HETATM,3301,O,O,.,HOH,G,5,.,?,-19.653,-4.756,7.007,1.00,47.18,?,416,HOH,A,O,1,,not_protein_receptor_atom,false
8OTV,HETATM,3302,O,O,.,HOH,G,5,.,?,-3.287,-3.244,-3.259,1.00,45.62,?,417,HOH,A,O,1,,not_protein_receptor_atom,false
8OTV,HETATM,3303,O,O,.,HOH,G,5,.,?,-12.940,11.403,-1.767,1.00,46.66,?,418,HOH,A,O,1,,not_protein_receptor_atom,false
8OTV,HETATM,3304,O,O,.,HOH,G,5,.,?,1.061,31.727,-14.830,1.00,48.85,?,419,HOH,A,O,1,,not_protein_receptor_atom,false
8OTV,HETATM,3305,O,O,.,HOH,G,5,.,?,-32.012,3.510,-16.046,1.00,51.45,?,420,HOH,A,O,1,,not_protein_receptor_atom,false
8OTV,HETATM,3306,O,O,.,HOH,G,5,.,?,-23.695,14.521,-18.684,1.00,47.37,?,421,HOH,A,O,1,,not_protein_receptor_atom,false
8OTV,HETATM,3307,O,O,.,HOH,G,5,.,?,-20.097,27.586,-24.560,1.00,51.92,?,422,HOH,A,O,1,,not_protein_receptor_atom,false
8OTV,HETATM,3308,O,O,.,HOH,G,5,.,?,-18.478,18.370,-6.044,1.00,38.49,?,423,HOH,A,O,1,,not_protein_receptor_atom,false
8OTV,HETATM,3309,O,O,.,HOH,G,5,.,?,-0.570,23.678,-13.355,1.00,45.36,?,424,HOH,A,O,1,,not_protein_receptor_atom,false
8OTV,HETATM,3310,O,O,.,HOH,G,5,.,?,-5.817,-2.534,8.514,1.00,48.14,?,425,HOH,A,O,1,,not_protein_receptor_atom,false
8OTV,HETATM,3311,O,O,.,HOH,G,5,.,?,-19.530,2.527,-3.507,1.00,32.17,?,426,HOH,A,O,1,,not_protein_receptor_atom,false
8OTV,HETATM,3312,O,O,.,HOH,G,5,.,?,-5.467,34.224,-24.943,1.00,61.47,?,427,HOH,A,O,1,,not_protein_receptor_atom,false
8OTV,HETATM,3313,O,O,.,HOH,G,5,.,?,-8.624,30.954,-14.218,1.00,44.14,?,428,HOH,A,O,1,,not_protein_receptor_atom,false
8OTV,HETATM,3314,O,O,.,HOH,G,5,.,?,-20.170,10.400,-7.723,1.00,33.75,?,429,HOH,A,O,1,,not_protein_receptor_atom,false
8OTV,HETATM,3315,O,O,.,HOH,G,5,.,?,-16.727,3.103,7.850,1.00,33.28,?,430,HOH,A,O,1,,not_protein_receptor_atom,false
8OTV,HETATM,3316,O,O,.,HOH,G,5,.,?,-8.704,9.391,1.590,1.00,46.23,?,431,HOH,A,O,1,,not_protein_receptor_atom,false
8OTV,HETATM,3317,O,O,.,HOH,G,5,.,?,-30.541,-0.319,-19.283,1.00,50.00,?,432,HOH,A,O,1,,not_protein_receptor_atom,false
8OTV,HETATM,3318,O,O,.,HOH,G,5,.,?,-18.360,31.724,-11.061,1.00,49.19,?,433,HOH,A,O,1,,not_protein_receptor_atom,false
8OTV,HETATM,3319,O,O,.,HOH,G,5,.,?,-15.341,13.169,-3.596,1.00,48.38,?,434,HOH,A,O,1,,not_protein_receptor_atom,false
8OTV,HETATM,3320,O,O,.,HOH,G,5,.,?,-31.346,-5.321,-14.208,1.00,51.15,?,435,HOH,A,O,1,,not_protein_receptor_atom,false
8OTV,HETATM,3321,O,O,.,HOH,G,5,.,?,5.254,18.517,-23.536,1.00,53.49,?,436,HOH,A,O,1,,not_protein_receptor_atom,false
8OTV,HETATM,3322,O,O,.,HOH,G,5,.,?,-3.169,2.991,11.285,1.00,55.34,?,437,HOH,A,O,1,,not_protein_receptor_atom,false
8OTV,HETATM,3323,O,O,.,HOH,G,5,.,?,-18.754,30.112,-23.922,1.00,56.68,?,438,HOH,A,O,1,,not_protein_receptor_atom,false
8OTV,HETATM,3324,O,O,.,HOH,G,5,.,?,-9.419,11.483,-1.115,1.00,40.42,?,439,HOH,A,O,1,,not_protein_receptor_atom,false
8OTV,HETATM,3325,O,O,.,HOH,G,5,.,?,-4.252,1.179,-4.082,1.00,32.86,?,440,HOH,A,O,1,,not_protein_receptor_atom,false
8OTV,HETATM,3326,O,O,.,HOH,G,5,.,?,-1.530,1.580,-3.227,1.00,35.31,?,441,HOH,A,O,1,,not_protein_receptor_atom,false
8OTV,HETATM,3327,O,O,.,HOH,G,5,.,?,-4.074,29.501,-11.179,1.00,45.50,?,442,HOH,A,O,1,,not_protein_receptor_atom,false
8OTV,HETATM,3328,O,O,.,HOH,G,5,.,?,-30.298,6.413,-0.707,1.00,47.34,?,443,HOH,A,O,1,,not_protein_receptor_atom,false
8OTV,HETATM,3329,O,O,.,HOH,G,5,.,?,-21.856,-10.677,0.910,1.00,43.58,?,444,HOH,A,O,1,,not_protein_receptor_atom,false
8OTV,HETATM,3330,O,O,.,HOH,G,5,.,?,-16.234,-8.613,2.640,1.00,38.39,?,445,HOH,A,O,1,,not_protein_receptor_atom,false
8OTV,HETATM,3331,O,O,.,HOH,G,5,.,?,5.779,11.826,-27.360,1.00,45.71,?,446,HOH,A,O,1,,not_protein_receptor_atom,false
8OTV,HETATM,3332,O,O,.,HOH,G,5,.,?,-22.692,17.292,-23.718,1.00,43.62,?,447,HOH,A,O,1,,not_protein_receptor_atom,false
8OTV,HETATM,3333,O,O,.,HOH,G,5,.,?,-1.627,16.082,-10.273,1.00,38.50,?,448,HOH,A,O,1,,not_protein_receptor_atom,false
8OTV,HETATM,3334,O,O,.,HOH,G,5,.,?,-12.678,18.056,-18.981,1.00,40.74,?,449,HOH,A,O,1,,not_protein_receptor_atom,false
8OTV,HETATM,3335,O,O,.,HOH,G,5,.,?,-15.546,4.889,-9.241,1.00,31.92,?,450,HOH,A,O,1,,not_protein_receptor_atom,false
8OTV,HETATM,3336,O,O,.,HOH,G,5,.,?,-29.587,-6.296,-12.225,1.00,49.84,?,451,HOH,A,O,1,,not_protein_receptor_atom,false
8OTV,HETATM,3337,O,O,.,HOH,G,5,.,?,-10.099,4.055,9.207,1.00,34.98,?,452,HOH,A,O,1,,not_protein_receptor_atom,false
8OTV,HETATM,3338,O,O,.,HOH,G,5,.,?,-10.791,3.533,-11.835,1.00,43.91,?,453,HOH,A,O,1,,not_protein_receptor_atom,false
8OTV,HETATM,3339,O,O,.,HOH,G,5,.,?,13.826,13.861,-24.186,1.00,47.45,?,454,HOH,A,O,1,,not_protein_receptor_atom,false
8OTV,HETATM,3340,O,O,.,HOH,G,5,.,?,-9.627,-6.953,5.604,1.00,44.72,?,455,HOH,A,O,1,,not_protein_receptor_atom,false
8OTV,HETATM,3341,O,O,.,HOH,G,5,.,?,-0.532,7.246,-2.748,1.00,41.47,?,456,HOH,A,O,1,,not_protein_receptor_atom,false
8OTV,HETATM,3342,O,O,.,HOH,G,5,.,?,6.836,15.262,-23.846,1.00,51.34,?,457,HOH,A,O,1,,not_protein_receptor_atom,false
8OTV,HETATM,3343,O,O,.,HOH,G,5,.,?,-20.988,17.844,-5.664,1.00,32.24,?,458,HOH,A,O,1,,not_protein_receptor_atom,false
8OTV,HETATM,3344,O,O,.,HOH,G,5,.,?,2.313,6.510,-19.505,1.00,33.10,?,459,HOH,A,O,1,,not_protein_receptor_atom,false
8OTV,HETATM,3345,O,O,.,HOH,G,5,.,?,-32.622,0.272,-12.986,1.00,49.09,?,460,HOH,A,O,1,,not_protein_receptor_atom,false
8OTV,HETATM,3346,O,O,.,HOH,G,5,.,?,-28.938,20.454,-12.906,1.00,48.59,?,461,HOH,A,O,1,,not_protein_receptor_atom,false
8OTV,HETATM,3347,O,O,.,HOH,G,5,.,?,4.518,19.890,-11.424,1.00,43.88,?,462,HOH,A,O,1,,not_protein_receptor_atom,false
8OTV,HETATM,3348,O,O,.,HOH,G,5,.,?,-3.023,-5.982,-11.355,1.00,51.78,?,463,HOH,A,O,1,,not_protein_receptor_atom,false
8OTV,HETATM,3349,O,O,.,HOH,G,5,.,?,-14.829,17.273,-24.173,1.00,39.19,?,464,HOH,A,O,1,,not_protein_receptor_atom,false
8OTV,HETATM,3350,O,O,.,HOH,G,5,.,?,7.785,19.040,-21.435,1.00,50.64,?,465,HOH,A,O,1,,not_protein_receptor_atom,false
8OTV,HETATM,3351,O,O,.,HOH,G,5,.,?,-1.071,7.862,-27.756,1.00,44.86,?,466,HOH,A,O,1,,not_protein_receptor_atom,false
8OTV,HETATM,3352,O,O,.,HOH,G,5,.,?,-22.141,-10.178,-14.542,1.00,50.14,?,467,HOH,A,O,1,,not_protein_receptor_atom,false
8OTV,HETATM,3353,O,O,.,HOH,G,5,.,?,-13.253,-11.974,-7.785,1.00,44.65,?,468,HOH,A,O,1,,not_protein_receptor_atom,false
8OTV,HETATM,3354,O,O,.,HOH,G,5,.,?,-23.113,-7.540,6.422,1.00,52.98,?,469,HOH,A,O,1,,not_protein_receptor_atom,false
8OTV,HETATM,3355,O,O,.,HOH,G,5,.,?,-27.734,24.031,-12.822,1.00,49.70,?,470,HOH,A,O,1,,not_protein_receptor_atom,false
8OTV,HETATM,3356,O,O,.,HOH,G,5,.,?,-14.406,7.350,-8.696,1.00,42.18,?,471,HOH,A,O,1,,not_protein_receptor_atom,false
8OTV,HETATM,3357,O,O,.,HOH,G,5,.,?,-27.478,11.362,0.601,1.00,42.71,?,472,HOH,A,O,1,,not_protein_receptor_atom,false
8OTV,HETATM,3358,O,O,.,HOH,G,5,.,?,7.365,6.503,-29.562,1.00,45.04,?,473,HOH,A,O,1,,not_protein_receptor_atom,false
8OTV,HETATM,3359,O,O,.,HOH,G,5,.,?,-2.212,-1.526,3.081,1.00,43.60,?,474,HOH,A,O,1,,not_protein_receptor_atom,false
8OTV,HETATM,3360,O,O,.,HOH,G,5,.,?,-21.391,6.699,-18.374,1.00,43.80,?,475,HOH,A,O,1,,not_protein_receptor_atom,false
8OTV,HETATM,3361,O,O,.,HOH,G,5,.,?,-13.363,13.033,-4.654,1.00,48.72,?,476,HOH,A,O,1,,not_protein_receptor_atom,false
8OTV,HETATM,3362,O,O,.,HOH,G,5,.,?,-13.205,3.709,-12.254,1.00,39.42,?,477,HOH,A,O,1,,not_protein_receptor_atom,false
8OTV,HETATM,3363,O,O,.,HOH,G,5,.,?,-25.678,30.812,-14.802,1.00,51.80,?,478,HOH,A,O,1,,not_protein_receptor_atom,false
8OTV,HETATM,3364,O,O,.,HOH,G,5,.,?,-27.273,-12.250,-10.807,1.00,53.47,?,479,HOH,A,O,1,,not_protein_receptor_atom,false
8OTV,HETATM,3365,O,O,.,HOH,G,5,.,?,-25.588,24.585,-31.045,1.00,53.01,?,480,HOH,A,O,1,,not_protein_receptor_atom,false
8OTV,HETATM,3366,O,O,.,HOH,G,5,.,?,-21.961,-10.784,5.390,1.00,61.71,?,481,HOH,A,O,1,,not_protein_receptor_atom,false
8OTV,HETATM,3367,O,O,.,HOH,G,5,.,?,2.084,9.165,-9.681,1.00,47.61,?,482,HOH,A,O,1,,not_protein_receptor_atom,false
8OTV,HETATM,3368,O,O,.,HOH,G,5,.,?,-23.591,28.020,-15.240,1.00,47.98,?,483,HOH,A,O,1,,not_protein_receptor_atom,false
8OTV,HETATM,3369,O,O,.,HOH,G,5,.,?,-16.181,18.747,-28.817,1.00,49.94,?,484,HOH,A,O,1,,not_protein_receptor_atom,false
8OTV,HETATM,3370,O,O,.,HOH,G,5,.,?,12.027,14.136,-26.450,1.00,53.24,?,485,HOH,A,O,1,,not_protein_receptor_atom,false
8OTV,HETATM,3371,O,O,.,HOH,G,5,.,?,-22.052,-0.621,-19.572,1.00,46.99,?,486,HOH,A,O,1,,not_protein_receptor_atom,false
8OTV,HETATM,3372,O,O,.,HOH,G,5,.,?,-10.198,13.375,2.971,1.00,65.79,?,487,HOH,A,O,1,,not_protein_receptor_atom,false
8OTV,HETATM,3373,O,O,.,HOH,G,5,.,?,8.747,11.057,-27.587,1.00,50.11,?,488,HOH,A,O,1,,not_protein_receptor_atom,false
8OTV,HETATM,3374,O,O,.,HOH,G,5,.,?,-30.303,-15.277,0.826,1.00,72.23,?,489,HOH,A,O,1,,not_protein_receptor_atom,false
8OTV,HETATM,3375,O,O,.,HOH,G,5,.,?,-0.176,0.808,7.826,1.00,58.64,?,490,HOH,A,O,1,,not_protein_receptor_atom,false
8OTV,HETATM,3376,O,O,.,HOH,G,5,.,?,-4.000,12.881,-6.577,1.00,39.99,?,491,HOH,A,O,1,,not_protein_receptor_atom,false
8OTV,HETATM,3377,O,O,.,HOH,G,5,.,?,-27.039,-11.370,2.801,1.00,56.20,?,492,HOH,A,O,1,,not_protein_receptor_atom,false
8OTV,HETATM,3378,O,O,.,HOH,G,5,.,?,-33.919,-5.689,-5.486,1.00,55.36,?,493,HOH,A,O,1,,not_protein_receptor_atom,false
8OTV,HETATM,3379,O,O,.,HOH,G,5,.,?,-4.933,8.144,-18.627,1.00,21.63,?,494,HOH,A,O,1,,not_protein_receptor_atom,false
8OTV,HETATM,3380,O,O,.,HOH,G,5,.,?,-31.767,-14.645,-1.382,1.00,72.15,?,495,HOH,A,O,1,,not_protein_receptor_atom,false
8OTV,HETATM,3381,O,O,.,HOH,G,5,.,?,-6.647,9.738,-20.620,1.00,40.31,?,496,HOH,A,O,1,,not_protein_receptor_atom,false
8OTV,HETATM,3382,O,O,.,HOH,G,5,.,?,-8.622,-9.187,1.691,1.00,51.22,?,497,HOH,A,O,1,,not_protein_receptor_atom,false
8OTV,HETATM,3383,O,O,.,HOH,G,5,.,?,-6.047,2.821,-17.480,1.00,37.62,?,498,HOH,A,O,1,,not_protein_receptor_atom,false
8OTV,HETATM,3384,O,O,.,HOH,G,5,.,?,-5.401,9.369,-10.640,1.00,50.26,?,499,HOH,A,O,1,,not_protein_receptor_atom,false
8OTV,HETATM,3385,O,O,.,HOH,G,5,.,?,-19.536,28.767,-27.181,1.00,61.19,?,500,HOH,A,O,1,,not_protein_receptor_atom,false
8OTV,HETATM,3386,O,O,.,HOH,G,5,.,?,-14.396,-10.336,4.339,1.00,48.80,?,501,HOH,A,O,1,,not_protein_receptor_atom,false
8OTV,HETATM,3387,O,O,.,HOH,G,5,.,?,-4.090,29.486,-25.314,1.00,58.45,?,502,HOH,A,O,1,,not_protein_receptor_atom,false
8OTV,HETATM,3388,O,O,.,HOH,G,5,.,?,-19.825,-17.672,-8.145,1.00,63.92,?,503,HOH,A,O,1,,not_protein_receptor_atom,false
8OTV,HETATM,3389,O,O,.,HOH,G,5,.,?,-34.509,-13.599,-2.425,1.00,70.96,?,504,HOH,A,O,1,,not_protein_receptor_atom,false
8OTV,HETATM,3390,O,O,.,HOH,G,5,.,?,-19.767,19.357,4.171,1.00,69.60,?,505,HOH,A,O,1,,not_protein_receptor_atom,false
8OTV,HETATM,3391,O,O,.,HOH,G,5,.,?,6.279,6.567,-27.051,1.00,52.63,?,506,HOH,A,O,1,,not_protein_receptor_atom,false
8OTV,HETATM,3392,O,O,.,HOH,G,5,.,?,-12.957,21.828,-31.177,1.00,63.93,?,507,HOH,A,O,1,,not_protein_receptor_atom,false
8OTV,HETATM,3393,O,O,.,HOH,G,5,.,?,-20.647,-2.920,12.913,1.00,48.91,?,508,HOH,A,O,1,,not_protein_receptor_atom,false
8OTV,HETATM,3394,O,O,.,HOH,G,5,.,?,-0.624,-1.099,-3.097,1.00,48.78,?,509,HOH,A,O,1,,not_protein_receptor_atom,false
8OTV,HETATM,3395,O,O,.,HOH,G,5,.,?,-0.321,5.977,-29.557,1.00,43.27,?,510,HOH,A,O,1,,not_protein_receptor_atom,false
8OTV,HETATM,3396,O,O,.,HOH,G,5,.,?,2.231,8.764,-3.756,1.00,56.50,?,511,HOH,A,O,1,,not_protein_receptor_atom,false
8OTV,HETATM,3397,O,O,.,HOH,G,5,.,?,-9.678,2.685,-13.900,1.00,43.51,?,512,HOH,A,O,1,,not_protein_receptor_atom,false
8OTV,HETATM,3398,O,O,.,HOH,G,5,.,?,-13.671,-12.299,2.597,1.00,56.76,?,513,HOH,A,O,1,,not_protein_receptor_atom,false
8OTV,HETATM,3399,O,O,.,HOH,G,5,.,?,-7.776,-2.497,11.802,1.00,44.89,?,514,HOH,A,O,1,,not_protein_receptor_atom,false
8OTV,HETATM,3400,O,O,.,HOH,G,5,.,?,-0.208,-1.098,0.463,1.00,56.30,?,515,HOH,A,O,1,,not_protein_receptor_atom,false
8OTV,HETATM,3401,O,O,.,HOH,H,5,.,?,0.347,24.766,-19.916,1.00,53.22,?,401,HOH,B,O,1,,not_protein_receptor_atom,false
8OTV,HETATM,3402,O,O,.,HOH,H,5,.,?,-11.622,-10.247,-14.137,1.00,39.90,?,402,HOH,B,O,1,,not_protein_receptor_atom,false
8OTV,HETATM,3403,O,O,.,HOH,H,5,.,?,-19.929,33.255,-9.934,1.00,53.28,?,403,HOH,B,O,1,,not_protein_receptor_atom,false
8OTV,HETATM,3404,O,O,.,HOH,H,5,.,?,-2.656,5.699,-30.841,1.00,41.12,?,404,HOH,B,O,1,,not_protein_receptor_atom,false
8OTV,HETATM,3405,O,O,.,HOH,H,5,.,?,-14.388,4.410,-42.192,1.00,41.25,?,405,HOH,B,O,1,,not_protein_receptor_atom,false
8OTV,HETATM,3406,O,O,.,HOH,H,5,.,?,-0.123,-3.161,-37.570,1.00,45.48,?,406,HOH,B,O,1,,not_protein_receptor_atom,false
8OTV,HETATM,3407,O,O,.,HOH,H,5,.,?,-5.466,27.190,-22.060,1.00,54.20,?,407,HOH,B,O,1,,not_protein_receptor_atom,false
8OTV,HETATM,3408,O,O,.,HOH,H,5,.,?,-12.142,-0.417,-21.527,1.00,36.52,?,408,HOH,B,O,1,,not_protein_receptor_atom,false
8OTV,HETATM,3409,O,O,.,HOH,H,5,.,?,20.327,9.375,-16.323,1.00,59.09,?,409,HOH,B,O,1,,not_protein_receptor_atom,false
8OTV,HETATM,3410,O,O,.,HOH,H,5,.,?,-18.025,21.205,-6.022,1.00,35.71,?,410,HOH,B,O,1,,not_protein_receptor_atom,false
8OTV,HETATM,3411,O,O,.,HOH,H,5,.,?,-3.428,-15.022,-40.306,1.00,48.11,?,411,HOH,B,O,1,,not_protein_receptor_atom,false
8OTV,HETATM,3412,O,O,.,HOH,H,5,.,?,-2.204,1.806,-26.252,1.00,30.31,?,412,HOH,B,O,1,,not_protein_receptor_atom,false
8OTV,HETATM,3413,O,O,.,HOH,H,5,.,?,-1.397,3.697,-31.664,1.00,41.59,?,413,HOH,B,O,1,,not_protein_receptor_atom,false
8OTV,HETATM,3414,O,O,.,HOH,H,5,.,?,-13.667,4.939,-14.982,1.00,32.37,?,414,HOH,B,O,1,,not_protein_receptor_atom,false
8OTV,HETATM,3415,O,O,.,HOH,H,5,.,?,7.325,-0.343,-6.805,1.00,63.74,?,415,HOH,B,O,1,,not_protein_receptor_atom,false
8OTV,HETATM,3416,O,O,.,HOH,H,5,.,?,-8.365,-2.757,-37.968,1.00,26.78,?,416,HOH,B,O,1,,not_protein_receptor_atom,false
8OTV,HETATM,3417,O,O,.,HOH,H,5,.,?,18.256,0.626,-17.662,1.00,52.10,?,417,HOH,B,O,1,,not_protein_receptor_atom,false
8OTV,HETATM,3418,O,O,.,HOH,H,5,.,?,-18.430,-13.082,-30.436,1.00,37.61,?,418,HOH,B,O,1,,not_protein_receptor_atom,false
8OTV,HETATM,3419,O,O,.,HOH,H,5,.,?,-22.931,-4.917,-25.907,1.00,53.85,?,419,HOH,B,O,1,,not_protein_receptor_atom,false
8OTV,HETATM,3420,O,O,.,HOH,H,5,.,?,-6.936,-1.198,-20.734,1.00,30.15,?,420,HOH,B,O,1,,not_protein_receptor_atom,false
8OTV,HETATM,3421,O,O,.,HOH,H,5,.,?,-11.016,11.261,-33.316,1.00,44.33,?,421,HOH,B,O,1,,not_protein_receptor_atom,false
8OTV,HETATM,3422,O,O,.,HOH,H,5,.,?,-5.968,7.215,-32.077,1.00,43.47,?,422,HOH,B,O,1,,not_protein_receptor_atom,false
8OTV,HETATM,3423,O,O,.,HOH,H,5,.,?,-0.794,-9.667,-34.734,1.00,38.86,?,423,HOH,B,O,1,,not_protein_receptor_atom,false
8OTV,HETATM,3424,O,O,.,HOH,H,5,.,?,-14.026,17.085,-11.488,1.00,29.32,?,424,HOH,B,O,1,,not_protein_receptor_atom,false
8OTV,HETATM,3425,O,O,.,HOH,H,5,.,?,-14.203,-8.548,-36.565,1.00,42.95,?,425,HOH,B,O,1,,not_protein_receptor_atom,false
8OTV,HETATM,3426,O,O,.,HOH,H,5,.,?,-18.199,4.603,-38.020,1.00,48.76,?,426,HOH,B,O,1,,not_protein_receptor_atom,false
8OTV,HETATM,3427,O,O,.,HOH,H,5,.,?,-3.626,0.259,-24.692,1.00,32.27,?,427,HOH,B,O,1,,not_protein_receptor_atom,false
8OTV,HETATM,3428,O,O,.,HOH,H,5,.,?,-10.175,16.131,-18.944,1.00,40.09,?,428,HOH,B,O,1,,not_protein_receptor_atom,false
8OTV,HETATM,3429,O,O,.,HOH,H,5,.,?,-3.361,-18.261,-28.394,1.00,47.59,?,429,HOH,B,O,1,,not_protein_receptor_atom,false
8OTV,HETATM,3430,O,O,.,HOH,H,5,.,?,-7.442,-5.430,-26.547,1.00,30.48,?,430,HOH,B,O,1,,not_protein_receptor_atom,false
8OTV,HETATM,3431,O,O,.,HOH,H,5,.,?,-15.084,7.917,-25.826,1.00,34.06,?,431,HOH,B,O,1,,not_protein_receptor_atom,false
8OTV,HETATM,3432,O,O,.,HOH,H,5,.,?,23.142,0.332,-23.281,1.00,59.14,?,432,HOH,B,O,1,,not_protein_receptor_atom,false
8OTV,HETATM,3433,O,O,.,HOH,H,5,.,?,5.508,3.294,-24.872,1.00,43.75,?,433,HOH,B,O,1,,not_protein_receptor_atom,false
8OTV,HETATM,3434,O,O,.,HOH,H,5,.,?,-7.759,11.718,-19.155,1.00,47.14,?,434,HOH,B,O,1,,not_protein_receptor_atom,false
8OTV,HETATM,3435,O,O,.,HOH,H,5,.,?,15.441,-1.106,-18.247,1.00,48.44,?,435,HOH,B,O,1,,not_protein_receptor_atom,false
8OTV,HETATM,3436,O,O,.,HOH,H,5,.,?,-14.244,31.068,-8.074,1.00,45.02,?,436,HOH,B,O,1,,not_protein_receptor_atom,false
8OTV,HETATM,3437,O,O,.,HOH,H,5,.,?,-3.595,7.500,-29.397,1.00,40.27,?,437,HOH,B,O,1,,not_protein_receptor_atom,false
8OTV,HETATM,3438,O,O,.,HOH,H,5,.,?,-10.143,10.737,-12.131,1.00,51.61,?,438,HOH,B,O,1,,not_protein_receptor_atom,false
8OTV,HETATM,3439,O,O,.,HOH,H,5,.,?,-4.149,26.196,-19.815,1.00,39.70,?,439,HOH,B,O,1,,not_protein_receptor_atom,false
8OTV,HETATM,3440,O,O,.,HOH,H,5,.,?,-15.663,10.442,-26.838,1.00,37.90,?,440,HOH,B,O,1,,not_protein_receptor_atom,false
8OTV,HETATM,3441,O,O,.,HOH,H,5,.,?,-4.575,13.773,-23.467,1.00,33.41,?,441,HOH,B,O,1,,not_protein_receptor_atom,false
8OTV,HETATM,3442,O,O,.,HOH,H,5,.,?,0.234,3.556,-27.076,1.00,41.42,?,442,HOH,B,O,1,,not_protein_receptor_atom,false
8OTV,HETATM,3443,O,O,.,HOH,H,5,.,?,-3.654,-17.998,-16.382,1.00,46.76,?,443,HOH,B,O,1,,not_protein_receptor_atom,false
8OTV,HETATM,3444,O,O,.,HOH,H,5,.,?,-11.994,15.139,-22.597,1.00,49.39,?,444,HOH,B,O,1,,not_protein_receptor_atom,false
8OTV,HETATM,3445,O,O,.,HOH,H,5,.,?,0.899,-12.776,-29.753,1.00,41.73,?,445,HOH,B,O,1,,not_protein_receptor_atom,false
8OTV,HETATM,3446,O,O,.,HOH,H,5,.,?,3.827,6.600,-6.785,1.00,52.81,?,446,HOH,B,O,1,,not_protein_receptor_atom,false
8OTV,HETATM,3447,O,O,.,HOH,H,5,.,?,-4.302,-16.081,-10.528,1.00,50.84,?,447,HOH,B,O,1,,not_protein_receptor_atom,false
8OTV,HETATM,3448,O,O,.,HOH,H,5,.,?,6.113,17.238,-8.431,1.00,47.49,?,448,HOH,B,O,1,,not_protein_receptor_atom,false
8OTV,HETATM,3449,O,O,.,HOH,H,5,.,?,-20.454,0.265,-32.760,1.00,45.80,?,449,HOH,B,O,1,,not_protein_receptor_atom,false
8OTV,HETATM,3450,O,O,.,HOH,H,5,.,?,-25.863,31.413,-7.321,1.00,62.07,?,450,HOH,B,O,1,,not_protein_receptor_atom,false
8OTV,HETATM,3451,O,O,.,HOH,H,5,.,?,-14.500,9.717,-41.172,1.00,48.63,?,451,HOH,B,O,1,,not_protein_receptor_atom,false
8OTV,HETATM,3452,O,O,.,HOH,H,5,.,?,17.782,7.599,-7.186,1.00,68.28,?,452,HOH,B,O,1,,not_protein_receptor_atom,false
8OTV,HETATM,3453,O,O,.,HOH,H,5,.,?,0.847,-13.825,-26.612,1.00,43.96,?,453,HOH,B,O,1,,not_protein_receptor_atom,false
8OTV,HETATM,3454,O,O,.,HOH,H,5,.,?,-11.124,13.840,-27.345,1.00,34.58,?,454,HOH,B,O,1,,not_protein_receptor_atom,false
8OTV,HETATM,3455,O,O,.,HOH,H,5,.,?,-2.623,4.309,-28.930,1.00,32.69,?,455,HOH,B,O,1,,not_protein_receptor_atom,false
8OTV,HETATM,3456,O,O,.,HOH,H,5,.,?,13.790,-3.949,-18.310,1.00,48.80,?,456,HOH,B,O,1,,not_protein_receptor_atom,false
8OTV,HETATM,3457,O,O,.,HOH,H,5,.,?,-17.819,-9.257,-33.968,1.00,47.78,?,457,HOH,B,O,1,,not_protein_receptor_atom,false
8OTV,HETATM,3458,O,O,.,HOH,H,5,.,?,17.586,2.632,-24.311,1.00,47.23,?,458,HOH,B,O,1,,not_protein_receptor_atom,false
8OTV,HETATM,3459,O,O,.,HOH,H,5,.,?,-18.466,8.559,-33.005,1.00,41.06,?,459,HOH,B,O,1,,not_protein_receptor_atom,false
8OTV,HETATM,3460,O,O,.,HOH,H,5,.,?,-22.945,-1.339,-30.778,1.00,45.14,?,460,HOH,B,O,1,,not_protein_receptor_atom,false
8OTV,HETATM,3461,O,O,.,HOH,H,5,.,?,-23.057,-6.138,-22.235,1.00,48.24,?,461,HOH,B,O,1,,not_protein_receptor_atom,false
8OTV,HETATM,3462,O,O,.,HOH,H,5,.,?,-6.297,11.541,-22.499,1.00,35.67,?,462,HOH,B,O,1,,not_protein_receptor_atom,false
8OTV,HETATM,3463,O,O,.,HOH,H,5,.,?,6.465,0.732,-25.216,1.00,43.00,?,463,HOH,B,O,1,,not_protein_receptor_atom,false
8OTV,HETATM,3464,O,O,.,HOH,H,5,.,?,-0.278,-2.044,-22.658,1.00,33.61,?,464,HOH,B,O,1,,not_protein_receptor_atom,false
8OTV,HETATM,3465,O,O,.,HOH,H,5,.,?,-10.715,3.704,-39.384,1.00,42.40,?,465,HOH,B,O,1,,not_protein_receptor_atom,false
8OTV,HETATM,3466,O,O,.,HOH,H,5,.,?,-8.788,12.116,-10.748,1.00,44.70,?,466,HOH,B,O,1,,not_protein_receptor_atom,false
8OTV,HETATM,3467,O,O,.,HOH,H,5,.,?,3.905,-8.749,-30.728,1.00,40.97,?,467,HOH,B,O,1,,not_protein_receptor_atom,false
8OTV,HETATM,3468,O,O,.,HOH,H,5,.,?,7.254,21.258,-20.818,1.00,48.33,?,468,HOH,B,O,1,,not_protein_receptor_atom,false
8OTV,HETATM,3469,O,O,.,HOH,H,5,.,?,1.055,21.922,-17.476,1.00,45.45,?,469,HOH,B,O,1,,not_protein_receptor_atom,false
8OTV,HETATM,3470,O,O,.,HOH,H,5,.,?,-8.722,-19.108,-15.502,1.00,46.52,?,470,HOH,B,O,1,,not_protein_receptor_atom,false
8OTV,HETATM,3471,O,O,.,HOH,H,5,.,?,-8.911,0.839,-17.569,1.00,38.19,?,471,HOH,B,O,1,,not_protein_receptor_atom,false
8OTV,HETATM,3472,O,O,.,HOH,H,5,.,?,-12.607,-1.780,-42.831,1.00,48.04,?,472,HOH,B,O,1,,not_protein_receptor_atom,false
8OTV,HETATM,3473,O,O,.,HOH,H,5,.,?,-13.593,26.092,-3.997,1.00,41.50,?,473,HOH,B,O,1,,not_protein_receptor_atom,false
8OTV,HETATM,3474,O,O,.,HOH,H,5,.,?,-6.123,0.793,-21.571,1.00,37.79,?,474,HOH,B,O,1,,not_protein_receptor_atom,false
8OTV,HETATM,3475,O,O,.,HOH,H,5,.,?,2.994,4.221,-24.216,1.00,43.45,?,475,HOH,B,O,1,,not_protein_receptor_atom,false
8OTV,HETATM,3476,O,O,.,HOH,H,5,.,?,-22.304,2.089,-24.447,1.00,45.61,?,476,HOH,B,O,1,,not_protein_receptor_atom,false
8OTV,HETATM,3477,O,O,.,HOH,H,5,.,?,-22.505,2.258,-20.934,1.00,46.74,?,477,HOH,B,O,1,,not_protein_receptor_atom,false
8OTV,HETATM,3478,O,O,.,HOH,H,5,.,?,16.659,4.746,-16.517,1.00,48.85,?,478,HOH,B,O,1,,not_protein_receptor_atom,false
8OTV,HETATM,3479,O,O,.,HOH,H,5,.,?,-19.243,-10.021,-15.500,1.00,53.57,?,479,HOH,B,O,1,,not_protein_receptor_atom,false
8OTV,HETATM,3480,O,O,.,HOH,H,5,.,?,-2.187,4.955,-25.836,1.00,23.49,?,480,HOH,B,O,1,,not_protein_receptor_atom,false
8OTV,HETATM,3481,O,O,.,HOH,H,5,.,?,-13.679,14.095,-27.784,1.00,40.14,?,481,HOH,B,O,1,,not_protein_receptor_atom,false
8OTV,HETATM,3482,O,O,.,HOH,H,5,.,?,-13.482,-4.810,-44.181,1.00,39.16,?,482,HOH,B,O,1,,not_protein_receptor_atom,false
8OTV,HETATM,3483,O,O,.,HOH,H,5,.,?,-22.772,-14.711,-27.757,1.00,52.42,?,483,HOH,B,O,1,,not_protein_receptor_atom,false
8OTV,HETATM,3484,O,O,.,HOH,H,5,.,?,-9.221,0.031,-20.495,1.00,39.51,?,484,HOH,B,O,1,,not_protein_receptor_atom,false
8OTV,HETATM,3485,O,O,.,HOH,H,5,.,?,-20.923,-9.148,-30.861,1.00,48.48,?,485,HOH,B,O,1,,not_protein_receptor_atom,false
8OTV,HETATM,3486,O,O,.,HOH,H,5,.,?,3.398,-11.718,-25.087,1.00,53.34,?,486,HOH,B,O,1,,not_protein_receptor_atom,false
8OTV,HETATM,3487,O,O,.,HOH,H,5,.,?,-0.225,-14.922,-22.692,1.00,56.95,?,487,HOH,B,O,1,,not_protein_receptor_atom,false
8OTV,HETATM,3488,O,O,.,HOH,H,5,.,?,-2.216,-17.485,-39.546,1.00,55.21,?,488,HOH,B,O,1,,not_protein_receptor_atom,false
8OTV,HETATM,3489,O,O,.,HOH,H,5,.,?,-6.650,18.248,-24.889,1.00,50.26,?,489,HOH,B,O,1,,not_protein_receptor_atom,false
8OTV,HETATM,3490,O,O,.,HOH,H,5,.,?,4.085,6.402,-3.997,1.00,53.29,?,490,HOH,B,O,1,,not_protein_receptor_atom,false
8OTV,HETATM,3491,O,O,.,HOH,H,5,.,?,-18.303,11.107,-37.692,1.00,59.34,?,491,HOH,B,O,1,,not_protein_receptor_atom,false
8OTV,HETATM,3492,O,O,.,HOH,H,5,.,?,-11.220,3.782,-16.072,1.00,43.26,?,492,HOH,B,O,1,,not_protein_receptor_atom,false
8OTV,HETATM,3493,O,O,.,HOH,H,5,.,?,-19.019,10.276,-30.828,1.00,55.48,?,493,HOH,B,O,1,,not_protein_receptor_atom,false
8OTV,HETATM,3494,O,O,.,HOH,H,5,.,?,-16.094,21.200,-3.902,1.00,45.85,?,494,HOH,B,O,1,,not_protein_receptor_atom,false
8OTV,HETATM,3495,O,O,.,HOH,H,5,.,?,-5.723,10.312,-16.304,1.00,47.43,?,495,HOH,B,O,1,,not_protein_receptor_atom,false
8OTV,HETATM,3496,O,O,.,HOH,H,5,.,?,-26.585,-7.932,-28.775,1.00,55.45,?,496,HOH,B,O,1,,not_protein_receptor_atom,false
8OTV,HETATM,3497,O,O,.,HOH,H,5,.,?,-15.946,-19.506,-31.270,1.00,52.38,?,497,HOH,B,O,1,,not_protein_receptor_atom,false
8OTV,HETATM,3498,O,O,.,HOH,H,5,.,?,7.089,-0.966,-4.441,1.00,61.53,?,498,HOH,B,O,1,,not_protein_receptor_atom,false
8OTV,HETATM,3499,O,O,.,HOH,H,5,.,?,0.372,-15.349,-16.950,1.00,56.21,?,499,HOH,B,O,1,,not_protein_receptor_atom,false
8OTV,HETATM,3500,O,O,.,HOH,H,5,.,?,-0.555,-15.715,-19.485,1.00,54.52,?,500,HOH,B,O,1,,not_protein_receptor_atom,false
8OTV,HETATM,3501,O,O,.,HOH,H,5,.,?,-26.417,4.712,-34.050,1.00,66.08,?,501,HOH,B,O,1,,not_protein_receptor_atom,false
