pdb_id,id,PDB_model_num,polymer_flag,occupancy_flag,auth_asym_id,auth_comp_id,auth_seq_id,PDB_ins_code,label_asym_id,label_comp_id,label_seq_id
8RIY,1,1,Y,1,AAA,SER,0,?,A,SER,1
8RIY,2,1,Y,1,AAA,MET,1,?,A,MET,2
8RIY,3,1,Y,1,AAA,GLU,2,?,A,GLU,3
8RIY,4,1,Y,1,AAA,SER,3,?,A,SER,4
8RIY,5,1,Y,1,AAA,GLN,4,?,A,GLN,5
8RIY,6,1,Y,1,AAA,GLU,5,?,A,GLU,6
8RIY,7,1,Y,1,AAA,PRO,6,?,A,PRO,7
8RIY,8,1,Y,1,AAA,THR,7,?,A,THR,8
8RIY,9,1,Y,1,AAA,GLU,8,?,A,GLU,9
8RIY,10,1,Y,1,AAA,SER,9,?,A,SER,10
8RIY,11,1,Y,1,AAA,SER,10,?,A,SER,11
8RIY,12,1,Y,1,AAA,GLN,11,?,A,GLN,12
8RIY,13,1,Y,1,AAA,ASN,12,?,A,ASN,13
8RIY,14,1,Y,1,AAA,GLY,13,?,A,GLY,14
8RIY,15,1,Y,1,BBB,SER,0,?,B,SER,1
8RIY,16,1,Y,1,BBB,MET,1,?,B,MET,2
8RIY,17,1,Y,1,BBB,GLU,2,?,B,GLU,3
8RIY,18,1,Y,1,BBB,SER,3,?,B,SER,4
8RIY,19,1,Y,1,BBB,GLN,4,?,B,GLN,5
8RIY,20,1,Y,1,BBB,GLU,5,?,B,GLU,6
8RIY,21,1,Y,1,BBB,PRO,6,?,B,PRO,7
8RIY,22,1,Y,1,BBB,THR,7,?,B,THR,8
8RIY,23,1,Y,1,BBB,GLU,8,?,B,GLU,9
8RIY,24,1,Y,1,BBB,SER,9,?,B,SER,10
8RIY,25,1,Y,1,BBB,SER,10,?,B,SER,11
8RIY,26,1,Y,1,BBB,GLN,11,?,B,GLN,12
8RIY,27,1,Y,1,BBB,ASN,12,?,B,ASN,13
8RIY,28,1,Y,1,BBB,GLY,13,?,B,GLY,14
8RIY,29,1,Y,1,BBB,ARG,54,?,B,ARG,55
8RIY,30,1,Y,1,BBB,LYS,55,?,B,LYS,56
8RIY,31,1,Y,1,BBB,GLU,56,?,B,GLU,57
8OTV,1,1,Y,1,A,GLN,83,?,A,GLN,84
8OTV,2,1,Y,1,A,ASP,84,?,A,ASP,85
8OTV,3,1,Y,1,A,GLY,85,?,A,GLY,86
8OTV,4,1,Y,1,A,VAL,173,?,A,VAL,174
8OTV,5,1,Y,1,A,GLU,174,?,A,GLU,175
8OTV,6,1,Y,1,A,GLU,175,?,A,GLU,176
8OTV,7,1,Y,1,A,GLY,176,?,A,GLY,177
8OTV,8,1,Y,1,A,GLU,177,?,A,GLU,178
8OTV,9,1,Y,1,A,ASP,220,?,A,ASP,221
8OTV,10,1,Y,1,A,LEU,221,?,A,LEU,222
8OTV,11,1,Y,1,A,GLN,222,?,A,GLN,223
8OTV,12,1,Y,1,B,SER,0,?,B,SER,1
8OTV,13,1,Y,1,B,GLY,169,?,B,GLY,170
8OTV,14,1,Y,1,B,GLY,170,?,B,GLY,171
8OTV,15,1,Y,1,B,GLY,171,?,B,GLY,172
8OTV,16,1,Y,1,B,LEU,172,?,B,LEU,173
8OTV,17,1,Y,1,B,VAL,173,?,B,VAL,174
8OTV,18,1,Y,1,B,GLU,174,?,B,GLU,175
8OTV,19,1,Y,1,B,GLU,175,?,B,GLU,176
8OTV,20,1,Y,1,B,GLY,176,?,B,GLY,177
8OTV,21,1,Y,1,B,GLU,177,?,B,GLU,178
8OTV,22,1,Y,1,B,LEU,221,?,B,LEU,222
8OTV,23,1,Y,1,B,GLN,222,?,B,GLN,223
