pdb_id,id,PDB_model_num,polymer_flag,occupancy_flag,auth_asym_id,auth_comp_id,auth_seq_id,PDB_ins_code,auth_atom_id,label_alt_id,label_asym_id,label_comp_id,label_seq_id,label_atom_id
8RIY,1,1,Y,1,AAA,GLU,21,?,CG,?,A,GLU,22,CG
8RIY,2,1,Y,1,AAA,GLU,21,?,CD,?,A,GLU,22,CD
8RIY,3,1,Y,1,AAA,GLU,21,?,OE1,?,A,GLU,22,OE1
8RIY,4,1,Y,1,AAA,GLU,21,?,OE2,?,A,GLU,22,OE2
8RIY,5,1,Y,0,AAA,ARG,51,?,CZ,?,A,ARG,52,CZ
8RIY,6,1,Y,1,AAA,ARG,54,?,CD,?,A,ARG,55,CD
8RIY,7,1,Y,1,AAA,ARG,54,?,NE,?,A,ARG,55,NE
8RIY,8,1,Y,1,AAA,ARG,54,?,CZ,?,A,ARG,55,CZ
8RIY,9,1,Y,1,AAA,ARG,54,?,NH1,?,A,ARG,55,NH1
8RIY,10,1,Y,1,AAA,ARG,54,?,NH2,?,A,ARG,55,NH2
8RIY,11,1,Y,1,AAA,LYS,55,?,CG,?,A,LYS,56,CG
8RIY,12,1,Y,1,AAA,LYS,55,?,CD,?,A,LYS,56,CD
8RIY,13,1,Y,1,AAA,LYS,55,?,CE,?,A,LYS,56,CE
8RIY,14,1,Y,1,AAA,LYS,55,?,NZ,?,A,LYS,56,NZ
8RIY,15,1,Y,1,AAA,GLU,56,?,CG,?,A,GLU,57,CG
8RIY,16,1,Y,1,AAA,GLU,56,?,CD,?,A,GLU,57,CD
8RIY,17,1,Y,1,AAA,GLU,56,?,OE1,?,A,GLU,57,OE1
8RIY,18,1,Y,1,AAA,GLU,56,?,OE2,?,A,GLU,57,OE2
8RIY,19,1,Y,1,AAA,GLN,57,?,CG,?,A,GLN,58,CG
8RIY,20,1,Y,1,AAA,GLN,57,?,CD,?,A,GLN,58,CD
8RIY,21,1,Y,1,AAA,GLN,57,?,OE1,?,A,GLN,58,OE1
8RIY,22,1,Y,1,AAA,GLN,57,?,NE2,?,A,GLN,58,NE2
8RIY,23,1,Y,1,AAA,LEU,72,?,CG,?,A,LEU,73,CG
8RIY,24,1,Y,1,AAA,LEU,72,?,CD1,?,A,LEU,73,CD1
8RIY,25,1,Y,1,AAA,LEU,72,?,CD2,?,A,LEU,73,CD2
8RIY,26,1,Y,1,AAA,LYS,81,?,NZ,?,A,LYS,82,NZ
8RIY,27,1,Y,1,AAA,ARG,157,?,CG,?,A,ARG,158,CG
8RIY,28,1,Y,1,AAA,ARG,157,?,CD,?,A,ARG,158,CD
8RIY,29,1,Y,1,AAA,ARG,157,?,NE,?,A,ARG,158,NE
8RIY,30,1,Y,1,AAA,ARG,157,?,CZ,?,A,ARG,158,CZ
8RIY,31,1,Y,1,AAA,ARG,157,?,NH1,?,A,ARG,158,NH1
8RIY,32,1,Y,1,AAA,ARG,157,?,NH2,?,A,ARG,158,NH2
8RIY,33,1,Y,1,AAA,LYS,159,?,CG,?,A,LYS,160,CG
8RIY,34,1,Y,1,AAA,LYS,159,?,CD,?,A,LYS,160,CD
8RIY,35,1,Y,1,AAA,LYS,159,?,CE,?,A,LYS,160,CE
8RIY,36,1,Y,1,AAA,LYS,159,?,NZ,?,A,LYS,160,NZ
8RIY,37,1,Y,1,AAA,LYS,161,?,CG,?,A,LYS,162,CG
8RIY,38,1,Y,1,AAA,LYS,161,?,CD,?,A,LYS,162,CD
8RIY,39,1,Y,1,AAA,LYS,161,?,CE,?,A,LYS,162,CE
8RIY,40,1,Y,1,AAA,LYS,161,?,NZ,?,A,LYS,162,NZ
8RIY,41,1,Y,1,AAA,GLU,188,?,CG,?,A,GLU,189,CG
8RIY,42,1,Y,1,AAA,GLU,188,?,CD,?,A,GLU,189,CD
8RIY,43,1,Y,1,AAA,GLU,188,?,OE1,?,A,GLU,189,OE1
8RIY,44,1,Y,1,AAA,GLU,188,?,OE2,?,A,GLU,189,OE2
8RIY,45,1,Y,1,AAA,GLU,189,?,CD,?,A,GLU,190,CD
8RIY,46,1,Y,1,AAA,GLU,189,?,OE1,?,A,GLU,190,OE1
8RIY,47,1,Y,1,AAA,GLU,189,?,OE2,?,A,GLU,190,OE2
8RIY,48,1,Y,1,AAA,HIS,190,?,CG,?,A,HIS,191,CG
8RIY,49,1,Y,1,AAA,HIS,190,?,ND1,?,A,HIS,191,ND1
8RIY,50,1,Y,1,AAA,HIS,190,?,CD2,?,A,HIS,191,CD2
8RIY,51,1,Y,1,AAA,HIS,190,?,CE1,?,A,HIS,191,CE1
8RIY,52,1,Y,1,AAA,HIS,190,?,NE2,?,A,HIS,191,NE2
8RIY,53,1,Y,1,BBB,LYS,27,?,CG,?,B,LYS,28,CG
8RIY,54,1,Y,1,BBB,LYS,27,?,CD,?,B,LYS,28,CD
8RIY,55,1,Y,1,BBB,LYS,27,?,CE,?,B,LYS,28,CE
8RIY,56,1,Y,1,BBB,LYS,27,?,NZ,?,B,LYS,28,NZ
8RIY,57,1,Y,1,BBB,LYS,33,?,CD,?,B,LYS,34,CD
8RIY,58,1,Y,1,BBB,LYS,33,?,CE,?,B,LYS,34,CE
8RIY,59,1,Y,1,BBB,LYS,33,?,NZ,?,B,LYS,34,NZ
8RIY,60,1,Y,1,BBB,GLN,57,?,CG,?,B,GLN,58,CG
8RIY,61,1,Y,1,BBB,GLN,57,?,CD,?,B,GLN,58,CD
8RIY,62,1,Y,1,BBB,GLN,57,?,OE1,?,B,GLN,58,OE1
8RIY,63,1,Y,1,BBB,GLN,57,?,NE2,?,B,GLN,58,NE2
8RIY,64,1,Y,1,BBB,ARG,157,?,CG,?,B,ARG,158,CG
8RIY,65,1,Y,1,BBB,ARG,157,?,CD,?,B,ARG,158,CD
8RIY,66,1,Y,1,BBB,ARG,157,?,NE,?,B,ARG,158,NE
8RIY,67,1,Y,1,BBB,ARG,157,?,CZ,?,B,ARG,158,CZ
8RIY,68,1,Y,1,BBB,ARG,157,?,NH1,?,B,ARG,158,NH1
8RIY,69,1,Y,1,BBB,ARG,157,?,NH2,?,B,ARG,158,NH2
8RIY,70,1,Y,1,BBB,LYS,159,?,CG,?,B,LYS,160,CG
8RIY,71,1,Y,1,BBB,LYS,159,?,CD,?,B,LYS,160,CD
8RIY,72,1,Y,1,BBB,LYS,159,?,CE,?,B,LYS,160,CE
8RIY,73,1,Y,1,BBB,LYS,159,?,NZ,?,B,LYS,160,NZ
8RIY,74,1,Y,1,BBB,LYS,161,?,CG,?,B,LYS,162,CG
8RIY,75,1,Y,1,BBB,LYS,161,?,CD,?,B,LYS,162,CD
8RIY,76,1,Y,1,BBB,LYS,161,?,CE,?,B,LYS,162,CE
8RIY,77,1,Y,1,BBB,LYS,161,?,NZ,?,B,LYS,162,NZ
8RIY,78,1,Y,1,BBB,LYS,175,?,CD,?,B,LYS,176,CD
8RIY,79,1,Y,1,BBB,LYS,175,?,CE,?,B,LYS,176,CE
8RIY,80,1,Y,1,BBB,LYS,175,?,NZ,?,B,LYS,176,NZ
8RIY,81,1,Y,1,BBB,GLU,188,?,CG,?,B,GLU,189,CG
8RIY,82,1,Y,1,BBB,GLU,188,?,CD,?,B,GLU,189,CD
8RIY,83,1,Y,1,BBB,GLU,188,?,OE1,?,B,GLU,189,OE1
8RIY,84,1,Y,1,BBB,GLU,188,?,OE2,?,B,GLU,189,OE2
8OTV,1,1,Y,1,A,ARG,3,?,CG,?,A,ARG,4,CG
8OTV,2,1,Y,1,A,ARG,3,?,CD,?,A,ARG,4,CD
8OTV,3,1,Y,1,A,ARG,3,?,NE,?,A,ARG,4,NE
8OTV,4,1,Y,1,A,ARG,3,?,CZ,?,A,ARG,4,CZ
8OTV,5,1,Y,1,A,ARG,3,?,NH1,?,A,ARG,4,NH1
8OTV,6,1,Y,1,A,ARG,3,?,NH2,?,A,ARG,4,NH2
8OTV,7,1,Y,1,A,GLN,90,?,CG,?,A,GLN,91,CG
8OTV,8,1,Y,1,A,GLN,90,?,CD,?,A,GLN,91,CD
8OTV,9,1,Y,1,A,GLN,90,?,OE1,?,A,GLN,91,OE1
8OTV,10,1,Y,1,A,GLN,90,?,NE2,?,A,GLN,91,NE2
8OTV,11,1,Y,1,A,GLN,110,?,CG,?,A,GLN,111,CG
8OTV,12,1,Y,1,A,GLN,110,?,CD,?,A,GLN,111,CD
8OTV,13,1,Y,1,A,GLN,110,?,OE1,?,A,GLN,111,OE1
8OTV,14,1,Y,1,A,GLN,110,?,NE2,?,A,GLN,111,NE2
8OTV,15,1,Y,1,A,ARG,165,?,NE,?,A,ARG,166,NE
8OTV,16,1,Y,1,A,ARG,165,?,CZ,?,A,ARG,166,CZ
8OTV,17,1,Y,1,A,ARG,165,?,NH1,?,A,ARG,166,NH1
8OTV,18,1,Y,1,A,ARG,165,?,NH2,?,A,ARG,166,NH2
8OTV,19,1,Y,1,B,ARG,11,?,CG,?,B,ARG,12,CG
8OTV,20,1,Y,1,B,ARG,11,?,CD,?,B,ARG,12,CD
8OTV,21,1,Y,1,B,ARG,11,?,NE,?,B,ARG,12,NE
8OTV,22,1,Y,1,B,ARG,11,?,CZ,?,B,ARG,12,CZ
8OTV,23,1,Y,1,B,ARG,11,?,NH1,?,B,ARG,12,NH1
8OTV,24,1,Y,1,B,ARG,11,?,NH2,?,B,ARG,12,NH2
8OTV,25,1,Y,1,B,GLN,83,?,CG,?,B,GLN,84,CG
8OTV,26,1,Y,1,B,GLN,83,?,CD,?,B,GLN,84,CD
8OTV,27,1,Y,1,B,GLN,83,?,OE1,?,B,GLN,84,OE1
8OTV,28,1,Y,1,B,GLN,83,?,NE2,?,B,GLN,84,NE2
8OTV,29,1,Y,1,B,ASP,84,?,CG,?,B,ASP,85,CG
8OTV,30,1,Y,1,B,ASP,84,?,OD1,?,B,ASP,85,OD1
8OTV,31,1,Y,1,B,ASP,84,?,OD2,?,B,ASP,85,OD2
