pdb,ligand_label,ligand_auth,protein_label,protein_auth,protein_label_seq,protein_auth_seq,protein_atom,atom_site_id,occupancy,B,positive_retained,nearest_ligand_atom,distance_A
8RIY,C,AAA,A,AAA,52,51,N,306,1.0,39.848,True,C20,3.7555613428620767
8RIY,C,AAA,A,AAA,52,51,CA,307,1.0,43.222,True,C20,4.654118713569736
8RIY,C,AAA,A,AAA,52,51,C,308,1.0,43.937,True,C20,6.042238326977844
8RIY,C,AAA,A,AAA,52,51,O,309,0.77,43.036,True,C19,6.242389125967718
8RIY,C,AAA,A,AAA,52,51,CB,310,1.0,44.729,True,C18,4.14554326958482
8RIY,C,AAA,A,AAA,52,51,CG,311,1.0,46.871,True,C18,4.176079620888473
8RIY,C,AAA,A,AAA,52,51,CD,312,1.0,49.106,True,C18,4.001089476630085
8RIY,C,AAA,A,AAA,52,51,NE,313,1.0,49.314,True,C18,4.761739703091718
8RIY,C,AAA,A,AAA,52,51,CZ,314,0.0,40.868,False,C14,5.534286855593951
8RIY,C,AAA,A,AAA,52,51,NH1,315,1.0,47.199,True,C18,5.646530084928266
8RIY,C,AAA,A,AAA,52,51,NH2,316,1.0,67.277,True,C13,4.813094326937714
8RIY,C,AAA,B,BBB,52,51,N,1769,1.0,37.72,True,N5,14.329326327500535
8RIY,C,AAA,B,BBB,52,51,CA,1770,1.0,43.009,True,N5,15.574829084134437
8RIY,C,AAA,B,BBB,52,51,C,1771,1.0,46.23,True,N5,16.117357258558243
8RIY,C,AAA,B,BBB,52,51,O,1772,0.97,49.193,True,N5,16.02208194960942
8RIY,C,AAA,B,BBB,52,51,CB,1773,1.0,45.974,True,C21,16.540837161401473
8RIY,C,AAA,B,BBB,52,51,CG,1774,1.0,49.259,True,C21,15.805042075236624
8RIY,C,AAA,B,BBB,52,51,CD,1775,0.78,53.401,True,C21,16.66059890880277
8RIY,C,AAA,B,BBB,52,51,NE,1776,1.0,55.883,True,C21,17.888605395614274
8RIY,C,AAA,B,BBB,52,51,CZ,1777,1.0,59.891,True,C21,18.840797302662114
8RIY,C,AAA,B,BBB,52,51,NH1,1778,1.0,57.886,True,C21,18.76943312942615
8RIY,C,AAA,B,BBB,52,51,NH2,1779,0.99,65.197,True,C21,19.95229202372499
8RIY,D,BBB,A,AAA,52,51,N,306,1.0,39.848,True,N5,14.29582019332924
8RIY,D,BBB,A,AAA,52,51,CA,307,1.0,43.222,True,C21,15.21887515554287
8RIY,D,BBB,A,AAA,52,51,C,308,1.0,43.937,True,N5,16.170854832073662
8RIY,D,BBB,A,AAA,52,51,O,309,0.77,43.036,True,N5,16.14966234941152
8RIY,D,BBB,A,AAA,52,51,CB,310,1.0,44.729,True,C21,15.77996593785931
8RIY,D,BBB,A,AAA,52,51,CG,311,1.0,46.871,True,C21,16.783807285595245
8RIY,D,BBB,A,AAA,52,51,CD,312,1.0,49.106,True,C21,17.429238222022214
8RIY,D,BBB,A,AAA,52,51,NE,313,1.0,49.314,True,C21,17.868996250489285
8RIY,D,BBB,A,AAA,52,51,CZ,314,0.0,40.868,False,C21,18.56954985991852
8RIY,D,BBB,A,AAA,52,51,NH1,315,1.0,47.199,True,C21,19.37111731418712
8RIY,D,BBB,A,AAA,52,51,NH2,316,1.0,67.277,True,C21,18.51683466470444
8RIY,D,BBB,B,BBB,52,51,N,1769,1.0,37.72,True,C20,3.946537343038831
8RIY,D,BBB,B,BBB,52,51,CA,1770,1.0,43.009,True,C19,4.878423823326543
8RIY,D,BBB,B,BBB,52,51,C,1771,1.0,46.23,True,C20,6.276524754989819
8RIY,D,BBB,B,BBB,52,51,O,1772,0.97,49.193,True,C19,6.588720057795746
8RIY,D,BBB,B,BBB,52,51,CB,1773,1.0,45.974,True,C19,4.633668309234054
8RIY,D,BBB,B,BBB,52,51,CG,1774,1.0,49.259,True,C18,3.417437343975747
8RIY,D,BBB,B,BBB,52,51,CD,1775,0.78,53.401,True,C18,3.2512725201065518
8RIY,D,BBB,B,BBB,52,51,NE,1776,1.0,55.883,True,C18,4.606398376171997
8RIY,D,BBB,B,BBB,52,51,CZ,1777,1.0,59.891,True,C18,5.271848821808154
8RIY,D,BBB,B,BBB,52,51,NH1,1778,1.0,57.886,True,C18,4.9379940259178134
8RIY,D,BBB,B,BBB,52,51,NH2,1779,0.99,65.197,True,C18,6.564204597664517
