database,record_id,molecule_id,document_id,publication_doi,source_endpoint,standard_endpoint,relation,value,units,source_smiles,canonical_isomeric_smiles,inchikey,molecular_formula,bemis_murcko_smiles,assay_id,database_assay_type,assay_description,target_uniprot,organism,retrieval_file
ChEMBL,18034931,CHEMBL4065181,CHEMBL4007403,10.1021/acs.jmedchem.6b01786,IC50,IC50,>,100000.0,nM,COc1ccc(-c2nn3c(-c4cccs4)nnc3s2)cc1OC,COc1ccc(-c2nn3c(-c4cccs4)nnc3s2)cc1OC,YTGYWPTWNBGCLG-UHFFFAOYSA-N,C15H12N4O2S2,c1ccc(-c2nn3c(-c4cccs4)nnc3s2)cc1,CHEMBL4008387,B,Inhibition of human His-tagged NUDT5 expressed in bacterial expression system in presence of ADP after 1 hr by malachite green reagent based assay,Q9UKK9,Homo sapiens,raw/chembl_activities.json
ChEMBL,25858856,CHEMBL5557834,CHEMBL5506016,10.1021/acs.jmedchem.4c00072,Activity,Activity,,,,Cn1c(=O)c2c(nc(N3CCN(CCCCN)CC3)n2Cc2nnc(-c3ccc(Cl)c(Cl)c3)o2)n(C)c1=O.O=C(O)C(F)(F)F,Cn1c(=O)c2c(nc(N3CCN(CCCCN)CC3)n2Cc2nnc(-c3ccc(Cl)c(Cl)c3)o2)n(C)c1=O.O=C(O)C(F)(F)F,HUVUZNQRZUHHLA-UHFFFAOYSA-N,C26H30Cl2F3N9O5,O=c1[nH]c(=O)c2c(nc(N3CCNCC3)n2Cc2nnc(-c3ccccc3)o2)[nH]1,CHEMBL5509525,B,Binding affinity to N-terminal his6-tagged human recombinant NUDT5 (1 to 208 residues) expressed in Escherichia coli Rosetta (DE3) pull-down based Western blotting analysis,Q9UKK9,Homo sapiens,raw/chembl_activities.json
ChEMBL,25858857,CHEMBL4072833,CHEMBL5506016,10.1021/acs.jmedchem.4c00072,IC50,IC50,=,13900.0,nM,C=CC(=O)N1CCC(CNc2ncnc(N)c2-c2ccc(Oc3ccccc3)cc2)CC1,C=CC(=O)N1CCC(CNc2ncnc(N)c2-c2ccc(Oc3ccccc3)cc2)CC1,QUIWHXQETADMGN-UHFFFAOYSA-N,C25H27N5O2,c1ccc(Oc2ccc(-c3cncnc3NCC3CCNCC3)cc2)cc1,CHEMBL5509526,B,Antagonist activity at N-terminal his6-tagged human recombinant NUDT5 (1 to 208 residues) expressed in Escherichia coli Rosetta (DE3) using ADP as substrate incubated for 1 hr by luminescence based microplate reader analysis,Q9UKK9,Homo sapiens,raw/chembl_activities.json
ChEMBL,25858858,CHEMBL1873475,CHEMBL5506016,10.1021/acs.jmedchem.4c00072,IC50,IC50,=,837.0,nM,C=CC(=O)N1CCC[C@@H](n2nc(-c3ccc(Oc4ccccc4)cc3)c3c(N)ncnc32)C1,C=CC(=O)N1CCC[C@@H](n2nc(-c3ccc(Oc4ccccc4)cc3)c3c(N)ncnc32)C1,XYFPWWZEPKGCCK-GOSISDBHSA-N,C25H24N6O2,c1ccc(Oc2ccc(-c3nn([C@@H]4CCCNC4)c4ncncc34)cc2)cc1,CHEMBL5509526,B,Antagonist activity at N-terminal his6-tagged human recombinant NUDT5 (1 to 208 residues) expressed in Escherichia coli Rosetta (DE3) using ADP as substrate incubated for 1 hr by luminescence based microplate reader analysis,Q9UKK9,Homo sapiens,raw/chembl_activities.json
ChEMBL,25858859,CHEMBL4449342,CHEMBL5506016,10.1021/acs.jmedchem.4c00072,IC50,IC50,=,21200.0,nM,C#Cc1cccc(Oc2ccc(-c3nn([C@@H]4CCCN(C(=O)C=C)C4)c4ncnc(N)c34)cc2)c1,C#Cc1cccc(Oc2ccc(-c3nn([C@@H]4CCCN(C(=O)C=C)C4)c4ncnc(N)c34)cc2)c1,SFTPIUYKBLYRKF-HXUWFJFHSA-N,C27H24N6O2,c1ccc(Oc2ccc(-c3nn([C@@H]4CCCNC4)c4ncncc34)cc2)cc1,CHEMBL5509526,B,Antagonist activity at N-terminal his6-tagged human recombinant NUDT5 (1 to 208 residues) expressed in Escherichia coli Rosetta (DE3) using ADP as substrate incubated for 1 hr by luminescence based microplate reader analysis,Q9UKK9,Homo sapiens,raw/chembl_activities.json
ChEMBL,25858860,CHEMBL5527860,CHEMBL5506016,10.1021/acs.jmedchem.4c00072,IC50,IC50,=,270.0,nM,CN1CCC(n2nc(-c3ccc(Oc4ccccc4)cc3)c3c(N)ncnc32)CC1,CN1CCC(n2nc(-c3ccc(Oc4ccccc4)cc3)c3c(N)ncnc32)CC1,KHLKLLMMPVSSQY-UHFFFAOYSA-N,C23H24N6O,c1ccc(Oc2ccc(-c3nn(C4CCNCC4)c4ncncc34)cc2)cc1,CHEMBL5509526,B,Antagonist activity at N-terminal his6-tagged human recombinant NUDT5 (1 to 208 residues) expressed in Escherichia coli Rosetta (DE3) using ADP as substrate incubated for 1 hr by luminescence based microplate reader analysis,Q9UKK9,Homo sapiens,raw/chembl_activities.json
ChEMBL,25858861,CHEMBL5549952,CHEMBL5506016,10.1021/acs.jmedchem.4c00072,IC50,IC50,=,487.0,nM,Cn1nc(-c2ccc(Oc3ccccc3)cc2)c2c(N)ncnc21,Cn1nc(-c2ccc(Oc3ccccc3)cc2)c2c(N)ncnc21,GMSABXWDTDDUPQ-UHFFFAOYSA-N,C18H15N5O,c1ccc(Oc2ccc(-c3n[nH]c4ncncc34)cc2)cc1,CHEMBL5509526,B,Antagonist activity at N-terminal his6-tagged human recombinant NUDT5 (1 to 208 residues) expressed in Escherichia coli Rosetta (DE3) using ADP as substrate incubated for 1 hr by luminescence based microplate reader analysis,Q9UKK9,Homo sapiens,raw/chembl_activities.json
ChEMBL,25858862,CHEMBL1242204,CHEMBL5506016,10.1021/acs.jmedchem.4c00072,IC50,IC50,=,2040.0,nM,Nc1ncnc2[nH]nc(-c3ccc(Oc4ccccc4)cc3)c12,Nc1ncnc2[nH]nc(-c3ccc(Oc4ccccc4)cc3)c12,YYVUOZULIDAKRN-UHFFFAOYSA-N,C17H13N5O,c1ccc(Oc2ccc(-c3n[nH]c4ncncc34)cc2)cc1,CHEMBL5509526,B,Antagonist activity at N-terminal his6-tagged human recombinant NUDT5 (1 to 208 residues) expressed in Escherichia coli Rosetta (DE3) using ADP as substrate incubated for 1 hr by luminescence based microplate reader analysis,Q9UKK9,Homo sapiens,raw/chembl_activities.json
ChEMBL,25858863,CHEMBL5560485,CHEMBL5506016,10.1021/acs.jmedchem.4c00072,IC50,IC50,>,50000.0,nM,C=CC(=O)N1CC=C(c2nn(C3CCN(C)CC3)c3ncnc(N)c23)CC1,C=CC(=O)N1CC=C(c2nn(C3CCN(C)CC3)c3ncnc(N)c23)CC1,SNUGJDIPJKTZQS-UHFFFAOYSA-N,C19H25N7O,C1=C(c2nn(C3CCNCC3)c3ncncc23)CCNC1,CHEMBL5509526,B,Antagonist activity at N-terminal his6-tagged human recombinant NUDT5 (1 to 208 residues) expressed in Escherichia coli Rosetta (DE3) using ADP as substrate incubated for 1 hr by luminescence based microplate reader analysis,Q9UKK9,Homo sapiens,raw/chembl_activities.json
ChEMBL,25858864,CHEMBL5561533,CHEMBL5506016,10.1021/acs.jmedchem.4c00072,IC50,IC50,,,,C=CC(=O)N1CCC=C(c2nn(C3CCN(C)CC3)c3ncnc(N)c23)C1,C=CC(=O)N1CCC=C(c2nn(C3CCN(C)CC3)c3ncnc(N)c23)C1,XQQOFBWNXPTVPQ-UHFFFAOYSA-N,C19H25N7O,C1=C(c2nn(C3CCNCC3)c3ncncc23)CNCC1,CHEMBL5509526,B,Antagonist activity at N-terminal his6-tagged human recombinant NUDT5 (1 to 208 residues) expressed in Escherichia coli Rosetta (DE3) using ADP as substrate incubated for 1 hr by luminescence based microplate reader analysis,Q9UKK9,Homo sapiens,raw/chembl_activities.json
ChEMBL,25858865,CHEMBL5549782,CHEMBL5506016,10.1021/acs.jmedchem.4c00072,IC50,IC50,=,13800.0,nM,C=CC(=O)NCc1ccc(-c2nn(C3CCN(C)CC3)c3ncnc(N)c23)cc1,C=CC(=O)NCc1ccc(-c2nn(C3CCN(C)CC3)c3ncnc(N)c23)cc1,UXFCROQDHASCPV-UHFFFAOYSA-N,C21H25N7O,c1ccc(-c2nn(C3CCNCC3)c3ncncc23)cc1,CHEMBL5509526,B,Antagonist activity at N-terminal his6-tagged human recombinant NUDT5 (1 to 208 residues) expressed in Escherichia coli Rosetta (DE3) using ADP as substrate incubated for 1 hr by luminescence based microplate reader analysis,Q9UKK9,Homo sapiens,raw/chembl_activities.json
ChEMBL,25858866,CHEMBL5565823,CHEMBL5506016,10.1021/acs.jmedchem.4c00072,IC50,IC50,,,,C=CC(=O)N1CCC(c2nn(C3CCN(C)CC3)c3ncnc(N)c23)CC1,C=CC(=O)N1CCC(c2nn(C3CCN(C)CC3)c3ncnc(N)c23)CC1,GGHDQMRDOHFUHR-UHFFFAOYSA-N,C19H27N7O,c1ncc2c(C3CCNCC3)nn(C3CCNCC3)c2n1,CHEMBL5509526,B,Antagonist activity at N-terminal his6-tagged human recombinant NUDT5 (1 to 208 residues) expressed in Escherichia coli Rosetta (DE3) using ADP as substrate incubated for 1 hr by luminescence based microplate reader analysis,Q9UKK9,Homo sapiens,raw/chembl_activities.json
ChEMBL,25858867,CHEMBL4297674,CHEMBL5506016,10.1021/acs.jmedchem.4c00072,Activity,Activity,,,,CC#CC(=O)N[C@H]1CCCN(c2c(F)cc(C(N)=O)c3[nH]c(C)c(C)c23)C1,CC#CC(=O)N[C@H]1CCCN(c2c(F)cc(C(N)=O)c3[nH]c(C)c(C)c23)C1,VJPPLCNBDLZIFG-ZDUSSCGKSA-N,C20H23FN4O2,c1cc(N2CCCCC2)c2cc[nH]c2c1,CHEMBL5509527,B,Antagonist activity at N-terminal his6-tagged human recombinant NUDT5 (1 to 208 residues) expressed in Escherichia coli Rosetta (DE3) using ADP as substrate upto 50 uM incubated for 1 hr by luminescence based microplate reader analysis,Q9UKK9,Homo sapiens,raw/chembl_activities.json
ChEMBL,25858868,CHEMBL3707348,CHEMBL5506016,10.1021/acs.jmedchem.4c00072,Activity,Activity,,,,CC#CC(=O)N1CCC[C@H]1c1nc(-c2ccc(C(=O)Nc3ccccn3)cc2)c2c(N)nccn12,CC#CC(=O)N1CCC[C@H]1c1nc(-c2ccc(C(=O)Nc3ccccn3)cc2)c2c(N)nccn12,WDENQIQQYWYTPO-IBGZPJMESA-N,C26H23N7O2,O=C(Nc1ccccn1)c1ccc(-c2nc([C@@H]3CCCN3)n3ccncc23)cc1,CHEMBL5509527,B,Antagonist activity at N-terminal his6-tagged human recombinant NUDT5 (1 to 208 residues) expressed in Escherichia coli Rosetta (DE3) using ADP as substrate upto 50 uM incubated for 1 hr by luminescence based microplate reader analysis,Q9UKK9,Homo sapiens,raw/chembl_activities.json
ChEMBL,25858869,CHEMBL1873475,CHEMBL5506016,10.1021/acs.jmedchem.4c00072,Kd,Kd,=,200.0,nM,C=CC(=O)N1CCC[C@@H](n2nc(-c3ccc(Oc4ccccc4)cc3)c3c(N)ncnc32)C1,C=CC(=O)N1CCC[C@@H](n2nc(-c3ccc(Oc4ccccc4)cc3)c3c(N)ncnc32)C1,XYFPWWZEPKGCCK-GOSISDBHSA-N,C25H24N6O2,c1ccc(Oc2ccc(-c3nn([C@@H]4CCCNC4)c4ncncc34)cc2)cc1,CHEMBL5509528,B,Binding affinity to N-terminal his6-tagged human recombinant NUDT5 (1 to 208 residues) expressed in Escherichia coli Rosetta (DE3) assessed as dissociation constant by SPR analysis,Q9UKK9,Homo sapiens,raw/chembl_activities.json
ChEMBL,25858870,CHEMBL5527860,CHEMBL5506016,10.1021/acs.jmedchem.4c00072,Kd,Kd,=,250.0,nM,CN1CCC(n2nc(-c3ccc(Oc4ccccc4)cc3)c3c(N)ncnc32)CC1,CN1CCC(n2nc(-c3ccc(Oc4ccccc4)cc3)c3c(N)ncnc32)CC1,KHLKLLMMPVSSQY-UHFFFAOYSA-N,C23H24N6O,c1ccc(Oc2ccc(-c3nn(C4CCNCC4)c4ncncc34)cc2)cc1,CHEMBL5509528,B,Binding affinity to N-terminal his6-tagged human recombinant NUDT5 (1 to 208 residues) expressed in Escherichia coli Rosetta (DE3) assessed as dissociation constant by SPR analysis,Q9UKK9,Homo sapiens,raw/chembl_activities.json
ChEMBL,25858871,CHEMBL5557167,CHEMBL5506016,10.1021/acs.jmedchem.4c00072,EC50,EC50,=,2.5,nM,Cn1c(=O)c2c(nc(N3CCNCC3)n2Cc2nnc(-c3ccc(Cl)c(Cl)c3)o2)n(C)c1=O,Cn1c(=O)c2c(nc(N3CCNCC3)n2Cc2nnc(-c3ccc(Cl)c(Cl)c3)o2)n(C)c1=O,QXCXMVYVUHVFLP-UHFFFAOYSA-N,C20H20Cl2N8O3,O=c1[nH]c(=O)c2c(nc(N3CCNCC3)n2Cc2nnc(-c3ccccc3)o2)[nH]1,CHEMBL5509529,B,Antagonist activity at N-terminal his6-tagged human recombinant NUDT5 (1 to 208 residues) expressed in Escherichia coli Rosetta (DE3) expressed in HEK293 cells incubated for 2 hrs by nanoBRET assay,Q9UKK9,Homo sapiens,raw/chembl_activities.json
ChEMBL,25858872,CHEMBL1873475,CHEMBL5506016,10.1021/acs.jmedchem.4c00072,EC50,EC50,=,1230.0,nM,C=CC(=O)N1CCC[C@@H](n2nc(-c3ccc(Oc4ccccc4)cc3)c3c(N)ncnc32)C1,C=CC(=O)N1CCC[C@@H](n2nc(-c3ccc(Oc4ccccc4)cc3)c3c(N)ncnc32)C1,XYFPWWZEPKGCCK-GOSISDBHSA-N,C25H24N6O2,c1ccc(Oc2ccc(-c3nn([C@@H]4CCCNC4)c4ncncc34)cc2)cc1,CHEMBL5509529,B,Antagonist activity at N-terminal his6-tagged human recombinant NUDT5 (1 to 208 residues) expressed in Escherichia coli Rosetta (DE3) expressed in HEK293 cells incubated for 2 hrs by nanoBRET assay,Q9UKK9,Homo sapiens,raw/chembl_activities.json
ChEMBL,25858873,CHEMBL3707348,CHEMBL5506016,10.1021/acs.jmedchem.4c00072,EC50,EC50,>,10000.0,nM,CC#CC(=O)N1CCC[C@H]1c1nc(-c2ccc(C(=O)Nc3ccccn3)cc2)c2c(N)nccn12,CC#CC(=O)N1CCC[C@H]1c1nc(-c2ccc(C(=O)Nc3ccccn3)cc2)c2c(N)nccn12,WDENQIQQYWYTPO-IBGZPJMESA-N,C26H23N7O2,O=C(Nc1ccccn1)c1ccc(-c2nc([C@@H]3CCCN3)n3ccncc23)cc1,CHEMBL5509529,B,Antagonist activity at N-terminal his6-tagged human recombinant NUDT5 (1 to 208 residues) expressed in Escherichia coli Rosetta (DE3) expressed in HEK293 cells incubated for 2 hrs by nanoBRET assay,Q9UKK9,Homo sapiens,raw/chembl_activities.json
ChEMBL,25858874,CHEMBL4297674,CHEMBL5506016,10.1021/acs.jmedchem.4c00072,EC50,EC50,>,10000.0,nM,CC#CC(=O)N[C@H]1CCCN(c2c(F)cc(C(N)=O)c3[nH]c(C)c(C)c23)C1,CC#CC(=O)N[C@H]1CCCN(c2c(F)cc(C(N)=O)c3[nH]c(C)c(C)c23)C1,VJPPLCNBDLZIFG-ZDUSSCGKSA-N,C20H23FN4O2,c1cc(N2CCCCC2)c2cc[nH]c2c1,CHEMBL5509529,B,Antagonist activity at N-terminal his6-tagged human recombinant NUDT5 (1 to 208 residues) expressed in Escherichia coli Rosetta (DE3) expressed in HEK293 cells incubated for 2 hrs by nanoBRET assay,Q9UKK9,Homo sapiens,raw/chembl_activities.json
ChEMBL,25858875,CHEMBL4072833,CHEMBL5506016,10.1021/acs.jmedchem.4c00072,EC50,EC50,>,10000.0,nM,C=CC(=O)N1CCC(CNc2ncnc(N)c2-c2ccc(Oc3ccccc3)cc2)CC1,C=CC(=O)N1CCC(CNc2ncnc(N)c2-c2ccc(Oc3ccccc3)cc2)CC1,QUIWHXQETADMGN-UHFFFAOYSA-N,C25H27N5O2,c1ccc(Oc2ccc(-c3cncnc3NCC3CCNCC3)cc2)cc1,CHEMBL5509529,B,Antagonist activity at N-terminal his6-tagged human recombinant NUDT5 (1 to 208 residues) expressed in Escherichia coli Rosetta (DE3) expressed in HEK293 cells incubated for 2 hrs by nanoBRET assay,Q9UKK9,Homo sapiens,raw/chembl_activities.json
ChEMBL,25858876,CHEMBL4449342,CHEMBL5506016,10.1021/acs.jmedchem.4c00072,EC50,EC50,>,10000.0,nM,C#Cc1cccc(Oc2ccc(-c3nn([C@@H]4CCCN(C(=O)C=C)C4)c4ncnc(N)c34)cc2)c1,C#Cc1cccc(Oc2ccc(-c3nn([C@@H]4CCCN(C(=O)C=C)C4)c4ncnc(N)c34)cc2)c1,SFTPIUYKBLYRKF-HXUWFJFHSA-N,C27H24N6O2,c1ccc(Oc2ccc(-c3nn([C@@H]4CCCNC4)c4ncncc34)cc2)cc1,CHEMBL5509529,B,Antagonist activity at N-terminal his6-tagged human recombinant NUDT5 (1 to 208 residues) expressed in Escherichia coli Rosetta (DE3) expressed in HEK293 cells incubated for 2 hrs by nanoBRET assay,Q9UKK9,Homo sapiens,raw/chembl_activities.json
ChEMBL,25858877,CHEMBL5527860,CHEMBL5506016,10.1021/acs.jmedchem.4c00072,EC50,EC50,=,1080.0,nM,CN1CCC(n2nc(-c3ccc(Oc4ccccc4)cc3)c3c(N)ncnc32)CC1,CN1CCC(n2nc(-c3ccc(Oc4ccccc4)cc3)c3c(N)ncnc32)CC1,KHLKLLMMPVSSQY-UHFFFAOYSA-N,C23H24N6O,c1ccc(Oc2ccc(-c3nn(C4CCNCC4)c4ncncc34)cc2)cc1,CHEMBL5509529,B,Antagonist activity at N-terminal his6-tagged human recombinant NUDT5 (1 to 208 residues) expressed in Escherichia coli Rosetta (DE3) expressed in HEK293 cells incubated for 2 hrs by nanoBRET assay,Q9UKK9,Homo sapiens,raw/chembl_activities.json
ChEMBL,26023226,CHEMBL1873475,CHEMBL5579821,10.1016/j.ejmech.2024.116540,IC50,IC50,=,830.0,nM,C=CC(=O)N1CCC[C@@H](n2nc(-c3ccc(Oc4ccccc4)cc3)c3c(N)ncnc32)C1,C=CC(=O)N1CCC[C@@H](n2nc(-c3ccc(Oc4ccccc4)cc3)c3c(N)ncnc32)C1,XYFPWWZEPKGCCK-GOSISDBHSA-N,C25H24N6O2,c1ccc(Oc2ccc(-c3nn([C@@H]4CCCNC4)c4ncncc34)cc2)cc1,CHEMBL5580778,B,Antagonist activity at NUDT5 (unknown origin),Q9UKK9,Homo sapiens,raw/chembl_activities.json
ChEMBL,26220619,CHEMBL5653589,CHEMBL5649169,10.1002/cmdc.201800398,Kd(app),Kd,=,7684.47,nM,Cc1ccc(C(=O)Nc2cccc(C(F)(F)F)c2)cc1Nc1nc(-c2cccnc2)nc2nn(C)cc12,Cc1ccc(C(=O)Nc2cccc(C(F)(F)F)c2)cc1Nc1nc(-c2cccnc2)nc2nn(C)cc12,MWKSRKSEWLRPBL-UHFFFAOYSA-N,C26H20F3N7O,O=C(Nc1ccccc1)c1cccc(Nc2nc(-c3cccnc3)nc3n[nH]cc23)c1,CHEMBL5651941,B,Binding affinity to human NUDT5 incubated for 45 mins by Kinobead based pull down assay,Q9UKK9,Homo sapiens,raw/chembl_activities.json
ChEMBL,26220620,CHEMBL5653589,CHEMBL5649169,10.1002/cmdc.201800398,ED50,ED50,=,7982.6,nM,Cc1ccc(C(=O)Nc2cccc(C(F)(F)F)c2)cc1Nc1nc(-c2cccnc2)nc2nn(C)cc12,Cc1ccc(C(=O)Nc2cccc(C(F)(F)F)c2)cc1Nc1nc(-c2cccnc2)nc2nn(C)cc12,MWKSRKSEWLRPBL-UHFFFAOYSA-N,C26H20F3N7O,O=C(Nc1ccccc1)c1cccc(Nc2nc(-c3cccnc3)nc3n[nH]cc23)c1,CHEMBL5651941,B,Binding affinity to human NUDT5 incubated for 45 mins by Kinobead based pull down assay,Q9UKK9,Homo sapiens,raw/chembl_activities.json
ChEMBL,26220621,CHEMBL3752910,CHEMBL5649169,10.1002/cmdc.201800398,Kd(app),Kd,=,3616.84,nM,Cc1ccc(C(=O)Nc2cccc(C(F)(F)F)c2)cc1Nc1nc(-c2cccnc2)nc2c1cnn2C,Cc1ccc(C(=O)Nc2cccc(C(F)(F)F)c2)cc1Nc1nc(-c2cccnc2)nc2c1cnn2C,ZCCPLJOKGAACRT-UHFFFAOYSA-N,C26H20F3N7O,O=C(Nc1ccccc1)c1cccc(Nc2nc(-c3cccnc3)nc3[nH]ncc23)c1,CHEMBL5651941,B,Binding affinity to human NUDT5 incubated for 45 mins by Kinobead based pull down assay,Q9UKK9,Homo sapiens,raw/chembl_activities.json
ChEMBL,26220622,CHEMBL3752910,CHEMBL5649169,10.1002/cmdc.201800398,ED50,ED50,=,3757.16,nM,Cc1ccc(C(=O)Nc2cccc(C(F)(F)F)c2)cc1Nc1nc(-c2cccnc2)nc2c1cnn2C,Cc1ccc(C(=O)Nc2cccc(C(F)(F)F)c2)cc1Nc1nc(-c2cccnc2)nc2c1cnn2C,ZCCPLJOKGAACRT-UHFFFAOYSA-N,C26H20F3N7O,O=C(Nc1ccccc1)c1cccc(Nc2nc(-c3cccnc3)nc3[nH]ncc23)c1,CHEMBL5651941,B,Binding affinity to human NUDT5 incubated for 45 mins by Kinobead based pull down assay,Q9UKK9,Homo sapiens,raw/chembl_activities.json
ChEMBL,26335711,CHEMBL5557167,CHEMBL5723035,10.1038/s41467-017-02293-7,IC50,IC50,=,29.0,nM,Cn1c(=O)c2c(nc(N3CCNCC3)n2Cc2nnc(-c3ccc(Cl)c(Cl)c3)o2)n(C)c1=O,Cn1c(=O)c2c(nc(N3CCNCC3)n2Cc2nnc(-c3ccc(Cl)c(Cl)c3)o2)n(C)c1=O,QXCXMVYVUHVFLP-UHFFFAOYSA-N,C20H20Cl2N8O3,O=c1[nH]c(=O)c2c(nc(N3CCNCC3)n2Cc2nnc(-c3ccccc3)o2)[nH]1,CHEMBL5723177,F,Affinity Biochemical interaction: (MG assay) EUB0002332a NUDT5,Q9UKK9,Homo sapiens,raw/chembl_activities.json
BindingDB,Q9UKK9-response-row-1,50236118,10.1021/acs.jmedchem.6b01786,10.1021/acs.jmedchem.6b01786,IC50,IC50,>,100000,nM,COc1ccc(cc1OC)-c1nn2c(nnc2s1)-c1cccs1,COc1ccc(-c2nn3c(-c4cccs4)nnc3s2)cc1OC,YTGYWPTWNBGCLG-UHFFFAOYSA-N,C15H12N4O2S2,c1ccc(-c2nn3c(-c4cccs4)nnc3s2)cc1,,,REST response lacks assay protocol; see same-publication ChEMBL record,Q9UKK9,Homo sapiens via UniProt query; not returned separately in REST row,raw/bindingdb_Q9UKK9.json
BindingDB,Q9UKK9-response-row-2,291627,10.7270/Q20R9V1D,10.1021/acs.jmedchem.4c00072,IC50,IC50,=,13900,nM,C=CC(=O)N1CCC(CC1)CNc2c(c(ncn2)N)c3ccc(cc3)Oc4ccccc4,C=CC(=O)N1CCC(CNc2ncnc(N)c2-c2ccc(Oc3ccccc3)cc2)CC1,QUIWHXQETADMGN-UHFFFAOYSA-N,C25H27N5O2,c1ccc(Oc2ccc(-c3cncnc3NCC3CCNCC3)cc2)cc1,,,REST response lacks assay protocol; see same-publication ChEMBL record,Q9UKK9,Homo sapiens via UniProt query; not returned separately in REST row,raw/bindingdb_Q9UKK9.json
BindingDB,Q9UKK9-response-row-3,50357312,10.7270/Q20R9V1D,10.1021/acs.jmedchem.4c00072,IC50,IC50,=,837,nM,Nc1ncnc2n(nc(-c3ccc(Oc4ccccc4)cc3)c12)[C@@H]1CCCN(C1)C(=O)C=C,C=CC(=O)N1CCC[C@@H](n2nc(-c3ccc(Oc4ccccc4)cc3)c3c(N)ncnc32)C1,XYFPWWZEPKGCCK-GOSISDBHSA-N,C25H24N6O2,c1ccc(Oc2ccc(-c3nn([C@@H]4CCCNC4)c4ncncc34)cc2)cc1,,,REST response lacks assay protocol; see same-publication ChEMBL record,Q9UKK9,Homo sapiens via UniProt query; not returned separately in REST row,raw/bindingdb_Q9UKK9.json
BindingDB,Q9UKK9-response-row-4,50636306,10.7270/Q20R9V1D,10.1021/acs.jmedchem.4c00072,IC50,IC50,=,21200,nM,C#Cc1cccc(Oc2ccc(-c3nn([C@@H]4CCCN(C(=O)C=C)C4)c4ncnc(N)c34)cc2)c1,C#Cc1cccc(Oc2ccc(-c3nn([C@@H]4CCCN(C(=O)C=C)C4)c4ncnc(N)c34)cc2)c1,SFTPIUYKBLYRKF-HXUWFJFHSA-N,C27H24N6O2,c1ccc(Oc2ccc(-c3nn([C@@H]4CCCNC4)c4ncncc34)cc2)cc1,,,REST response lacks assay protocol; see same-publication ChEMBL record,Q9UKK9,Homo sapiens via UniProt query; not returned separately in REST row,raw/bindingdb_Q9UKK9.json
BindingDB,Q9UKK9-response-row-5,50636307,10.7270/Q20R9V1D,10.1021/acs.jmedchem.4c00072,IC50,IC50,=,270,nM,CN1CCC(n2nc(-c3ccc(Oc4ccccc4)cc3)c3c(N)ncnc32)CC1,CN1CCC(n2nc(-c3ccc(Oc4ccccc4)cc3)c3c(N)ncnc32)CC1,KHLKLLMMPVSSQY-UHFFFAOYSA-N,C23H24N6O,c1ccc(Oc2ccc(-c3nn(C4CCNCC4)c4ncncc34)cc2)cc1,,,REST response lacks assay protocol; see same-publication ChEMBL record,Q9UKK9,Homo sapiens via UniProt query; not returned separately in REST row,raw/bindingdb_Q9UKK9.json
BindingDB,Q9UKK9-response-row-6,50636308,10.7270/Q20R9V1D,10.1021/acs.jmedchem.4c00072,IC50,IC50,=,487,nM,Cn1nc(-c2ccc(Oc3ccccc3)cc2)c2c(N)ncnc21,Cn1nc(-c2ccc(Oc3ccccc3)cc2)c2c(N)ncnc21,GMSABXWDTDDUPQ-UHFFFAOYSA-N,C18H15N5O,c1ccc(Oc2ccc(-c3n[nH]c4ncncc34)cc2)cc1,,,REST response lacks assay protocol; see same-publication ChEMBL record,Q9UKK9,Homo sapiens via UniProt query; not returned separately in REST row,raw/bindingdb_Q9UKK9.json
BindingDB,Q9UKK9-response-row-7,50636309,10.7270/Q20R9V1D,10.1021/acs.jmedchem.4c00072,IC50,IC50,=,2040,nM,Nc1ncnc2[nH]nc(-c3ccc(Oc4ccccc4)cc3)c12,Nc1ncnc2[nH]nc(-c3ccc(Oc4ccccc4)cc3)c12,YYVUOZULIDAKRN-UHFFFAOYSA-N,C17H13N5O,c1ccc(Oc2ccc(-c3n[nH]c4ncncc34)cc2)cc1,,,REST response lacks assay protocol; see same-publication ChEMBL record,Q9UKK9,Homo sapiens via UniProt query; not returned separately in REST row,raw/bindingdb_Q9UKK9.json
BindingDB,Q9UKK9-response-row-8,50636310,10.7270/Q20R9V1D,10.1021/acs.jmedchem.4c00072,IC50,IC50,>,50000,nM,C=CC(=O)N1CC=C(c2nn(C3CCN(C)CC3)c3ncnc(N)c23)CC1,C=CC(=O)N1CC=C(c2nn(C3CCN(C)CC3)c3ncnc(N)c23)CC1,SNUGJDIPJKTZQS-UHFFFAOYSA-N,C19H25N7O,C1=C(c2nn(C3CCNCC3)c3ncncc23)CCNC1,,,REST response lacks assay protocol; see same-publication ChEMBL record,Q9UKK9,Homo sapiens via UniProt query; not returned separately in REST row,raw/bindingdb_Q9UKK9.json
BindingDB,Q9UKK9-response-row-9,50636311,10.7270/Q20R9V1D,10.1021/acs.jmedchem.4c00072,IC50,IC50,=,13800,nM,C=CC(=O)NCc1ccc(-c2nn(C3CCN(C)CC3)c3ncnc(N)c23)cc1,C=CC(=O)NCc1ccc(-c2nn(C3CCN(C)CC3)c3ncnc(N)c23)cc1,UXFCROQDHASCPV-UHFFFAOYSA-N,C21H25N7O,c1ccc(-c2nn(C3CCNCC3)c3ncncc23)cc1,,,REST response lacks assay protocol; see same-publication ChEMBL record,Q9UKK9,Homo sapiens via UniProt query; not returned separately in REST row,raw/bindingdb_Q9UKK9.json
BindingDB,Q9UKK9-response-row-10,50357312,10.7270/Q2086B0S,10.1016/j.ejmech.2024.116540,IC50,IC50,=,830,nM,Nc1ncnc2n(nc(-c3ccc(Oc4ccccc4)cc3)c12)[C@@H]1CCCN(C1)C(=O)C=C,C=CC(=O)N1CCC[C@@H](n2nc(-c3ccc(Oc4ccccc4)cc3)c3c(N)ncnc32)C1,XYFPWWZEPKGCCK-GOSISDBHSA-N,C25H24N6O2,c1ccc(Oc2ccc(-c3nn([C@@H]4CCCNC4)c4ncncc34)cc2)cc1,,,REST response lacks assay protocol; see same-publication ChEMBL record,Q9UKK9,Homo sapiens via UniProt query; not returned separately in REST row,raw/bindingdb_Q9UKK9.json
BindingDB,Q9UKK9-response-row-11,50357312,10.7270/Q20R9V1D,10.1021/acs.jmedchem.4c00072,Kd,Kd,=,200,nM,Nc1ncnc2n(nc(-c3ccc(Oc4ccccc4)cc3)c12)[C@@H]1CCCN(C1)C(=O)C=C,C=CC(=O)N1CCC[C@@H](n2nc(-c3ccc(Oc4ccccc4)cc3)c3c(N)ncnc32)C1,XYFPWWZEPKGCCK-GOSISDBHSA-N,C25H24N6O2,c1ccc(Oc2ccc(-c3nn([C@@H]4CCCNC4)c4ncncc34)cc2)cc1,,,REST response lacks assay protocol; see same-publication ChEMBL record,Q9UKK9,Homo sapiens via UniProt query; not returned separately in REST row,raw/bindingdb_Q9UKK9.json
BindingDB,Q9UKK9-response-row-12,50636307,10.7270/Q20R9V1D,10.1021/acs.jmedchem.4c00072,Kd,Kd,=,250,nM,CN1CCC(n2nc(-c3ccc(Oc4ccccc4)cc3)c3c(N)ncnc32)CC1,CN1CCC(n2nc(-c3ccc(Oc4ccccc4)cc3)c3c(N)ncnc32)CC1,KHLKLLMMPVSSQY-UHFFFAOYSA-N,C23H24N6O,c1ccc(Oc2ccc(-c3nn(C4CCNCC4)c4ncncc34)cc2)cc1,,,REST response lacks assay protocol; see same-publication ChEMBL record,Q9UKK9,Homo sapiens via UniProt query; not returned separately in REST row,raw/bindingdb_Q9UKK9.json
BindingDB,Q9UKK9-response-row-13,50652793,10.7270/Q22N5711,10.1002/cmdc.201800398,Kd,Kd,=,7684,nM,Cc1ccc(C(=O)Nc2cccc(C(F)(F)F)c2)cc1Nc1nc(-c2cccnc2)nc2nn(C)cc12,Cc1ccc(C(=O)Nc2cccc(C(F)(F)F)c2)cc1Nc1nc(-c2cccnc2)nc2nn(C)cc12,MWKSRKSEWLRPBL-UHFFFAOYSA-N,C26H20F3N7O,O=C(Nc1ccccc1)c1cccc(Nc2nc(-c3cccnc3)nc3n[nH]cc23)c1,,,REST response lacks assay protocol; see same-publication ChEMBL record,Q9UKK9,Homo sapiens via UniProt query; not returned separately in REST row,raw/bindingdb_Q9UKK9.json
BindingDB,Q9UKK9-response-row-14,50652792,10.7270/Q22N5711,10.1002/cmdc.201800398,Kd,Kd,=,3617,nM,Cc1ccc(C(=O)Nc2cccc(C(F)(F)F)c2)cc1Nc1nc(-c2cccnc2)nc2c1cnn2C,Cc1ccc(C(=O)Nc2cccc(C(F)(F)F)c2)cc1Nc1nc(-c2cccnc2)nc2c1cnn2C,ZCCPLJOKGAACRT-UHFFFAOYSA-N,C26H20F3N7O,O=C(Nc1ccccc1)c1cccc(Nc2nc(-c3cccnc3)nc3[nH]ncc23)c1,,,REST response lacks assay protocol; see same-publication ChEMBL record,Q9UKK9,Homo sapiens via UniProt query; not returned separately in REST row,raw/bindingdb_Q9UKK9.json
BindingDB,Q9UKK9-response-row-15,50636312,10.7270/Q20R9V1D,10.1021/acs.jmedchem.4c00072,EC50,EC50,=,2.5,nM,Cn1c(=O)c2c(nc(N3CCNCC3)n2Cc2nnc(-c3ccc(Cl)c(Cl)c3)o2)n(C)c1=O,Cn1c(=O)c2c(nc(N3CCNCC3)n2Cc2nnc(-c3ccc(Cl)c(Cl)c3)o2)n(C)c1=O,QXCXMVYVUHVFLP-UHFFFAOYSA-N,C20H20Cl2N8O3,O=c1[nH]c(=O)c2c(nc(N3CCNCC3)n2Cc2nnc(-c3ccccc3)o2)[nH]1,,,REST response lacks assay protocol; see same-publication ChEMBL record,Q9UKK9,Homo sapiens via UniProt query; not returned separately in REST row,raw/bindingdb_Q9UKK9.json
BindingDB,Q9UKK9-response-row-16,50357312,10.7270/Q20R9V1D,10.1021/acs.jmedchem.4c00072,EC50,EC50,=,1230,nM,Nc1ncnc2n(nc(-c3ccc(Oc4ccccc4)cc3)c12)[C@@H]1CCCN(C1)C(=O)C=C,C=CC(=O)N1CCC[C@@H](n2nc(-c3ccc(Oc4ccccc4)cc3)c3c(N)ncnc32)C1,XYFPWWZEPKGCCK-GOSISDBHSA-N,C25H24N6O2,c1ccc(Oc2ccc(-c3nn([C@@H]4CCCNC4)c4ncncc34)cc2)cc1,,,REST response lacks assay protocol; see same-publication ChEMBL record,Q9UKK9,Homo sapiens via UniProt query; not returned separately in REST row,raw/bindingdb_Q9UKK9.json
BindingDB,Q9UKK9-response-row-17,50175583,10.7270/Q20R9V1D,10.1021/acs.jmedchem.4c00072,EC50,EC50,>,10000,nM,C/C=C/C(=O)N1CCC[C@H]1c2nc(c3n2ccnc3N)c4ccc(cc4)C(=O)Nc5ccccn5,C/C=C/C(=O)N1CCC[C@H]1c1nc(-c2ccc(C(=O)Nc3ccccn3)cc2)c2c(N)nccn12,VSFINVOSLLRTIP-JYFUDLLOSA-N,C26H25N7O2,O=C(Nc1ccccn1)c1ccc(-c2nc([C@@H]3CCCN3)n3ccncc23)cc1,,,REST response lacks assay protocol; see same-publication ChEMBL record,Q9UKK9,Homo sapiens via UniProt query; not returned separately in REST row,raw/bindingdb_Q9UKK9.json
BindingDB,Q9UKK9-response-row-18,164638,10.7270/Q20R9V1D,10.1021/acs.jmedchem.4c00072,EC50,EC50,>,10000,nM,CC#CC(=O)N[C@H]1CCCN(c2c(F)cc(C(N)=O)c3[nH]c(C)c(C)c23)C1,CC#CC(=O)N[C@H]1CCCN(c2c(F)cc(C(N)=O)c3[nH]c(C)c(C)c23)C1,VJPPLCNBDLZIFG-ZDUSSCGKSA-N,C20H23FN4O2,c1cc(N2CCCCC2)c2cc[nH]c2c1,,,REST response lacks assay protocol; see same-publication ChEMBL record,Q9UKK9,Homo sapiens via UniProt query; not returned separately in REST row,raw/bindingdb_Q9UKK9.json
BindingDB,Q9UKK9-response-row-19,291627,10.7270/Q20R9V1D,10.1021/acs.jmedchem.4c00072,EC50,EC50,>,10000,nM,C=CC(=O)N1CCC(CC1)CNc2c(c(ncn2)N)c3ccc(cc3)Oc4ccccc4,C=CC(=O)N1CCC(CNc2ncnc(N)c2-c2ccc(Oc3ccccc3)cc2)CC1,QUIWHXQETADMGN-UHFFFAOYSA-N,C25H27N5O2,c1ccc(Oc2ccc(-c3cncnc3NCC3CCNCC3)cc2)cc1,,,REST response lacks assay protocol; see same-publication ChEMBL record,Q9UKK9,Homo sapiens via UniProt query; not returned separately in REST row,raw/bindingdb_Q9UKK9.json
BindingDB,Q9UKK9-response-row-20,50636306,10.7270/Q20R9V1D,10.1021/acs.jmedchem.4c00072,EC50,EC50,>,10000,nM,C#Cc1cccc(Oc2ccc(-c3nn([C@@H]4CCCN(C(=O)C=C)C4)c4ncnc(N)c34)cc2)c1,C#Cc1cccc(Oc2ccc(-c3nn([C@@H]4CCCN(C(=O)C=C)C4)c4ncnc(N)c34)cc2)c1,SFTPIUYKBLYRKF-HXUWFJFHSA-N,C27H24N6O2,c1ccc(Oc2ccc(-c3nn([C@@H]4CCCNC4)c4ncncc34)cc2)cc1,,,REST response lacks assay protocol; see same-publication ChEMBL record,Q9UKK9,Homo sapiens via UniProt query; not returned separately in REST row,raw/bindingdb_Q9UKK9.json
BindingDB,Q9UKK9-response-row-21,50636307,10.7270/Q20R9V1D,10.1021/acs.jmedchem.4c00072,EC50,EC50,=,1080,nM,CN1CCC(n2nc(-c3ccc(Oc4ccccc4)cc3)c3c(N)ncnc32)CC1,CN1CCC(n2nc(-c3ccc(Oc4ccccc4)cc3)c3c(N)ncnc32)CC1,KHLKLLMMPVSSQY-UHFFFAOYSA-N,C23H24N6O,c1ccc(Oc2ccc(-c3nn(C4CCNCC4)c4ncncc34)cc2)cc1,,,REST response lacks assay protocol; see same-publication ChEMBL record,Q9UKK9,Homo sapiens via UniProt query; not returned separately in REST row,raw/bindingdb_Q9UKK9.json
