compound,source,NUDT5_IC50_uM_published,NUDT14_IC50_uM_published,ratio_NUDT5_over_NUDT14_relation,ratio_from_reported_means,interpretation_of_ratio,role,caveat,source_url,downloaded_source_url
9,Balikci2024 existing curated SI CSV / Table 1,0.270 ± 0.027,0.162 ± 0.005,=,1.6667,Values above 1 nominally favor NUDT14; different reaction times; not Ki/KD or statistical selectivity bounds.,Dual biochemical/structural anchor,NUDT5 and NUDT14 cocrystals and cellular engagement published; residual BTK engagement; NUDT14 CETSA at 30 uM is not a potency curve.,https://pmc.ncbi.nlm.nih.gov/articles/PMC11089510/#tbl1,https://www.ebi.ac.uk/europepmc/webservices/rest/PMC11089510/supplementaryFiles
10,Balikci2024 existing curated SI CSV / Table 1,0.487 ± 0.010,0.263 ± 0.031,=,1.8517,Values above 1 nominally favor NUDT14; different reaction times; not Ki/KD or statistical selectivity bounds.,Existing N1-methyl comparator; project ACT-20,Project alias provided by requester; no 10/11 bound structure or cellular selectivity established by this investigation.,https://pmc.ncbi.nlm.nih.gov/articles/PMC11089510/#tbl1,https://www.ebi.ac.uk/europepmc/webservices/rest/PMC11089510/supplementaryFiles
11,Balikci2024 existing curated SI CSV / Table 1,2.04 ± 0.240,0.519 ± 0.084,=,3.9306,Values above 1 nominally favor NUDT14; different reaction times; not Ki/KD or statistical selectivity bounds.,Existing N1-H comparator; project NC5-02=ACT-19,"Project aliases provided by requester; NUDT14 bias is a nominal biochemical ratio, not a cellular-selectivity claim.",https://pmc.ncbi.nlm.nih.gov/articles/PMC11089510/#tbl1,https://www.ebi.ac.uk/europepmc/webservices/rest/PMC11089510/supplementaryFiles
13,Balikci2024 existing curated SI CSV / Table 1,not active,3.72 ± 0.190,>,13.4409,Values above 1 nominally favor NUDT14; different reaction times; not Ki/KD or statistical selectivity bounds.,Provisional NUDT14-biased biochemical comparator,Electrophilic compound; >50 uM is a censored NUDT5 result; no validated cellular-selective window here.,https://pmc.ncbi.nlm.nih.gov/articles/PMC11089510/#tbl1,https://www.ebi.ac.uk/europepmc/webservices/rest/PMC11089510/supplementaryFiles
12,Balikci2024 existing curated SI CSV / Table 1,not active,not active,,,Values above 1 nominally favor NUDT14; different reaction times; not Ki/KD or statistical selectivity bounds.,Assayed-inactive scaffold control,Not active means IC50 >50 uM in published assay; not a universal cellular negative.,https://pmc.ncbi.nlm.nih.gov/articles/PMC11089510/#tbl1,https://www.ebi.ac.uk/europepmc/webservices/rest/PMC11089510/supplementaryFiles
15,Balikci2024 existing curated SI CSV / Table 1,not active,not active,,,Values above 1 nominally favor NUDT14; different reaction times; not Ki/KD or statistical selectivity bounds.,Alternative assayed-inactive scaffold control,"Not active means IC50 >50 uM in published assay; exposure, reactivity and off-targets still need validation.",https://pmc.ncbi.nlm.nih.gov/articles/PMC11089510/#tbl1,https://www.ebi.ac.uk/europepmc/webservices/rest/PMC11089510/supplementaryFiles
1,Balikci2024 existing curated SI CSV / Table 1,0.837 ± 0.329,0.990 ± 0.110,=,0.8455,Values above 1 nominally favor NUDT14; different reaction times; not Ki/KD or statistical selectivity bounds.,Confounded BTK/NUDIX reference,Ibrutinib is unsuitable for attribution of a phenotype exclusively to NUDT5 or NUDT14.,https://pmc.ncbi.nlm.nih.gov/articles/PMC11089510/#tbl1,https://www.ebi.ac.uk/europepmc/webservices/rest/PMC11089510/supplementaryFiles
2,Balikci2024 existing curated SI CSV / Table 1,not active,not tested,,,Values above 1 nominally favor NUDT14; different reaction times; not Ki/KD or statistical selectivity bounds.,Optional orthogonal BTK comparator after counterscreen,"Acalabrutinib is NUDT5-inactive in this source; NUDT14 was NOT TESTED, so do not assume NUDIX neutrality.",https://pmc.ncbi.nlm.nih.gov/articles/PMC11089510/#tbl1,https://www.ebi.ac.uk/europepmc/webservices/rest/PMC11089510/supplementaryFiles
TH5427 (Page 28; Balikci 6; CCD 9CH),Page2018 Results; NOT relabelled as a numeric Balikci CSV datum,0.029,No dose-response IC50 verified; 38% inhibition at 100 uM in Page,,,Do not infer a quantitative NUDT14 IC50 from a single dose or absence of thermal stabilization.,Authentic NUDT5-preferring orthogonal chemotype comparator,"Graph must match 9CH, including both xanthine N-methyl groups. Retest cross-target activity and exposure in chosen conditions.",https://pmc.ncbi.nlm.nih.gov/articles/PMC5772648/,https://www.ebi.ac.uk/europepmc/webservices/rest/PMC5772648/supplementaryFiles
