site_id,target,radius_A,shared_conformer_rows_within,shared_conformer_residues,alternate_conformer_rows_within_listed_separately,partial_observed_rows_within,fractional_occupancy_rows_within,refused_or_unobserved_rows_at_site,interpretation_limit
8OTV:model1:C:A:301,NUDT14,3.5,4,chain A/A Trp34 (label 35);chain A/A Asp35 (label 36);chain A/A Leu148 (label 149);chain B/B Tyr17 (label 18),,0,0,23,No pooled count across alternate conformers; false/absent means no retained pair.
8OTV:model1:C:A:301,NUDT14,4.0,11,chain A/A Ser33 (label 34);chain A/A Trp34 (label 35);chain A/A Asp35 (label 36);chain A/A Gly147 (label 148);chain A/A Leu148 (label 149);chain B/B Tyr17 (label 18);chain B/B Ser42 (label 43);chain B/B Arg62 (label 63);chain B/B Ala105 (label 106);chain B/B Leu107 (label 108);chain B/B Gln153 (label 154),,0,0,23,No pooled count across alternate conformers; false/absent means no retained pair.
8OTV:model1:C:A:301,NUDT14,4.5,13,chain A/A Ser33 (label 34);chain A/A Trp34 (label 35);chain A/A Asp35 (label 36);chain A/A Val146 (label 147);chain A/A Gly147 (label 148);chain A/A Leu148 (label 149);chain B/B Tyr17 (label 18);chain B/B Ser42 (label 43);chain B/B Arg62 (label 63);chain B/B Ala105 (label 106);chain B/B Gly106 (label 107);chain B/B Leu107 (label 108);chain B/B Gln153 (label 154),,0,0,23,No pooled count across alternate conformers; false/absent means no retained pair.
8OTV:model1:C:A:301,NUDT14,5.0,15,chain A/A Ser33 (label 34);chain A/A Trp34 (label 35);chain A/A Asp35 (label 36);chain A/A Val146 (label 147);chain A/A Gly147 (label 148);chain A/A Leu148 (label 149);chain B/B Tyr17 (label 18);chain B/B Ser42 (label 43);chain B/B Val43 (label 44);chain B/B Arg62 (label 63);chain B/B Glu102 (label 103);chain B/B Ala105 (label 106);chain B/B Gly106 (label 107);chain B/B Leu107 (label 108);chain B/B Gln153 (label 154),,0,0,23,No pooled count across alternate conformers; false/absent means no retained pair.
8OTV:model1:F:B:302,NUDT14,3.5,4,chain A/A Tyr17 (label 18);chain B/B Trp34 (label 35);chain B/B Asp35 (label 36);chain B/B Leu148 (label 149),,0,0,23,No pooled count across alternate conformers; false/absent means no retained pair.
8OTV:model1:F:B:302,NUDT14,4.0,8,chain A/A Tyr17 (label 18);chain A/A Arg62 (label 63);chain A/A Leu107 (label 108);chain B/B Ser33 (label 34);chain B/B Trp34 (label 35);chain B/B Asp35 (label 36);chain B/B Gly147 (label 148);chain B/B Leu148 (label 149),,0,0,23,No pooled count across alternate conformers; false/absent means no retained pair.
8OTV:model1:F:B:302,NUDT14,4.5,11,chain A/A Tyr17 (label 18);chain A/A Arg62 (label 63);chain A/A Ala105 (label 106);chain A/A Gly106 (label 107);chain A/A Leu107 (label 108);chain B/B Ser33 (label 34);chain B/B Trp34 (label 35);chain B/B Asp35 (label 36);chain B/B Val146 (label 147);chain B/B Gly147 (label 148);chain B/B Leu148 (label 149),,0,0,23,No pooled count across alternate conformers; false/absent means no retained pair.
8OTV:model1:F:B:302,NUDT14,5.0,12,chain A/A Tyr17 (label 18);chain A/A Arg62 (label 63);chain A/A Glu102 (label 103);chain A/A Ala105 (label 106);chain A/A Gly106 (label 107);chain A/A Leu107 (label 108);chain B/B Ser33 (label 34);chain B/B Trp34 (label 35);chain B/B Asp35 (label 36);chain B/B Val146 (label 147);chain B/B Gly147 (label 148);chain B/B Leu148 (label 149),,0,0,23,No pooled count across alternate conformers; false/absent means no retained pair.
8RIY:model1:C:AAA:301,NUDT5,3.5,7,chain A/AAA Trp28 (label 29);chain A/AAA Ser137 (label 138);chain A/AAA Asn138 (label 139);chain A/AAA Cys139 (label 140);chain B/BBB Trp46 (label 47);chain B/BBB Glu47 (label 48);chain B/BBB Gly135 (label 136),,0,0,31,No pooled count across alternate conformers; false/absent means no retained pair.
8RIY:model1:C:AAA:301,NUDT5,4.0,9,chain A/AAA Trp28 (label 29);chain A/AAA Arg51 (label 52);chain A/AAA Asp60 (label 61);chain A/AAA Ser137 (label 138);chain A/AAA Asn138 (label 139);chain A/AAA Cys139 (label 140);chain B/BBB Trp46 (label 47);chain B/BBB Glu47 (label 48);chain B/BBB Gly135 (label 136),,1,1,31,No pooled count across alternate conformers; false/absent means no retained pair.
8RIY:model1:C:AAA:301,NUDT5,4.5,14,chain A/AAA Trp28 (label 29);chain A/AAA Val29 (label 30);chain A/AAA Val49 (label 50);chain A/AAA Lys50 (label 51);chain A/AAA Arg51 (label 52);chain A/AAA Asp60 (label 61);chain A/AAA Ser137 (label 138);chain A/AAA Asn138 (label 139);chain A/AAA Cys139 (label 140);chain B/BBB Thr45 (label 46);chain B/BBB Trp46 (label 47);chain B/BBB Glu47 (label 48);chain B/BBB Gly135 (label 136);chain B/BBB Leu136 (label 137),,1,1,31,No pooled count across alternate conformers; false/absent means no retained pair.
8RIY:model1:C:AAA:301,NUDT5,5.0,15,chain A/AAA Trp28 (label 29);chain A/AAA Val29 (label 30);chain A/AAA Val49 (label 50);chain A/AAA Lys50 (label 51);chain A/AAA Arg51 (label 52);chain A/AAA Asp60 (label 61);chain A/AAA Leu98 (label 99);chain A/AAA Ser137 (label 138);chain A/AAA Asn138 (label 139);chain A/AAA Cys139 (label 140);chain B/BBB Thr45 (label 46);chain B/BBB Trp46 (label 47);chain B/BBB Glu47 (label 48);chain B/BBB Gly135 (label 136);chain B/BBB Leu136 (label 137),,1,1,31,No pooled count across alternate conformers; false/absent means no retained pair.
8RIY:model1:D:BBB:301,NUDT5,3.5,8,chain A/AAA Trp46 (label 47);chain A/AAA Glu47 (label 48);chain A/AAA Gly135 (label 136);chain B/BBB Trp28 (label 29);chain B/BBB Arg51 (label 52);chain B/BBB Asp60 (label 61);chain B/BBB Asn138 (label 139);chain B/BBB Cys139 (label 140),,0,1,31,No pooled count across alternate conformers; false/absent means no retained pair.
8RIY:model1:D:BBB:301,NUDT5,4.0,12,chain A/AAA Trp46 (label 47);chain A/AAA Glu47 (label 48);chain A/AAA Gly135 (label 136);chain A/AAA Leu136 (label 137);chain B/BBB Trp28 (label 29);chain B/BBB Val49 (label 50);chain B/BBB Lys50 (label 51);chain B/BBB Arg51 (label 52);chain B/BBB Asp60 (label 61);chain B/BBB Ser137 (label 138);chain B/BBB Asn138 (label 139);chain B/BBB Cys139 (label 140),,0,1,31,No pooled count across alternate conformers; false/absent means no retained pair.
8RIY:model1:D:BBB:301,NUDT5,4.5,15,chain A/AAA Thr45 (label 46);chain A/AAA Trp46 (label 47);chain A/AAA Glu47 (label 48);chain A/AAA Gly135 (label 136);chain A/AAA Leu136 (label 137);chain B/BBB Trp28 (label 29);chain B/BBB Val29 (label 30);chain B/BBB Val49 (label 50);chain B/BBB Lys50 (label 51);chain B/BBB Arg51 (label 52);chain B/BBB Asp60 (label 61);chain B/BBB Leu98 (label 99);chain B/BBB Ser137 (label 138);chain B/BBB Asn138 (label 139);chain B/BBB Cys139 (label 140),,0,1,31,No pooled count across alternate conformers; false/absent means no retained pair.
8RIY:model1:D:BBB:301,NUDT5,5.0,16,chain A/AAA Thr45 (label 46);chain A/AAA Trp46 (label 47);chain A/AAA Glu47 (label 48);chain A/AAA Ser48 (label 49);chain A/AAA Gly135 (label 136);chain A/AAA Leu136 (label 137);chain B/BBB Trp28 (label 29);chain B/BBB Val29 (label 30);chain B/BBB Val49 (label 50);chain B/BBB Lys50 (label 51);chain B/BBB Arg51 (label 52);chain B/BBB Asp60 (label 61);chain B/BBB Leu98 (label 99);chain B/BBB Ser137 (label 138);chain B/BBB Asn138 (label 139);chain B/BBB Cys139 (label 140),,0,1,31,No pooled count across alternate conformers; false/absent means no retained pair.
