source_compound,source_smiles,canonical_isomeric_smiles,known_source_role,endpoint,endpoint_family,unit,NUDT5_status,NUDT5_comparator,NUDT5_reported_mean,NUDT5_reported_sd,NUDT5_bound,NUDT5_bound_strict,NUDT5_biological_n_for_reported_sd,NUDT5_author_csv_raw,NUDT5_uncertainty_definition,NUDT14_status,NUDT14_comparator,NUDT14_reported_mean,NUDT14_reported_sd,NUDT14_bound,NUDT14_bound_strict,NUDT14_biological_n_for_reported_sd,NUDT14_author_csv_raw,NUDT14_uncertainty_definition,ratio_definition,ratio_unit,ratio_status,ratio_point,ratio_bound,ratio_log10_point,ratio_log10_bound,ratio_comparator,ratio_bound_strict,ratio_non_estimability_reason,model_diagnostic_eligible,model_exclusion_reasons
1,NC1=C2C(N([C@H]3CN(C(C=C)=O)CCC3)N=C2C4=CC=C(OC5=CC=CC=C5)C=C4)=NC=N1,C=CC(=O)N1CCC[C@@H](n2nc(-c3ccc(Oc4ccccc4)cc3)c3c(N)ncnc32)C1,ibrutinib / previously published BTK inhibitor,IC50,purified_enzyme_catalytic_inhibition,uM,numeric,=,0.837,0.329,,,2,0.837 ± 0.329,Table 1 mean and SD of two independent biological replicates (n=2),numeric,=,0.99,0.11,,,2,0.990 ± 0.110,Table 1 mean and SD of two independent biological replicates (n=2),IC50_NUDT14 / IC50_NUDT5,dimensionless,point,1.1827956989247312,,0.07290973660428995,,=,,,True,
2,NC1=NC=CN2C1=C(C3=CC=C(C(NC4=NC=CC=C4)=O)C=C3)N=C2[C@@H]5CCCN5C(C#CC)=O,CC#CC(=O)N1CCC[C@H]1c1nc(-c2ccc(C(=O)Nc3ccccn3)cc2)c2c(N)nccn12,source compound; no new control qualification asserted,IC50,purified_enzyme_catalytic_inhibition,uM,right_censored,>,,,50.0,True,,not active,No numeric mean or SD reported,untested,,,,,,,not tested,No numeric mean or SD reported,IC50_NUDT14 / IC50_NUDT5,dimensionless,missing_endpoint,,,,,,,At least one target untested,False,missing_target_endpoint
3,FC1=CC(C(N)=O)=C(NC(C)=C2C)C2=C1N3C[C@@H](NC(C#CC)=O)CCC3,CC#CC(=O)N[C@H]1CCCN(c2c(F)cc(C(N)=O)c3[nH]c(C)c(C)c23)C1,source compound; no new control qualification asserted,IC50,purified_enzyme_catalytic_inhibition,uM,right_censored,>,,,50.0,True,,not active,No numeric mean or SD reported,untested,,,,,,,not tested,No numeric mean or SD reported,IC50_NUDT14 / IC50_NUDT5,dimensionless,missing_endpoint,,,,,,,At least one target untested,False,missing_target_endpoint
4,NC1=C(C2=CC=C(OC3=CC=CC=C3)C=C2)C(NCC4CCN(C(C=C)=O)CC4)=NC=N1,C=CC(=O)N1CCC(CNc2ncnc(N)c2-c2ccc(Oc3ccccc3)cc2)CC1,source compound; no new control qualification asserted,IC50,purified_enzyme_catalytic_inhibition,uM,numeric,=,13.9,0.62,,,,13.9 ± 0.62 ,CSV mean/SD; Methods says two biological replicates but Figure 1 caption technical-triplicate graph wording differs; aggregation unresolved,untested,,,,,,,not tested,No numeric mean or SD reported,IC50_NUDT14 / IC50_NUDT5,dimensionless,missing_endpoint,,,,,,,At least one target untested,False,missing_target_endpoint
5,NC1=C2C(N([C@H]3CN(C(C=C)=O)CCC3)N=C2C4=CC=C(OC5=CC(C#C)=CC=C5)C=C4)=NC=N1,C#Cc1cccc(Oc2ccc(-c3nn([C@@H]4CCCN(C(=O)C=C)C4)c4ncnc(N)c34)cc2)c1,source compound; no new control qualification asserted,IC50,purified_enzyme_catalytic_inhibition,uM,numeric,=,21.2,1.02,,,,21.2 ± 1.02 ,CSV mean/SD; Methods says two biological replicates but Figure 1 caption technical-triplicate graph wording differs; aggregation unresolved,untested,,,,,,,not tested,No numeric mean or SD reported,IC50_NUDT14 / IC50_NUDT5,dimensionless,missing_endpoint,,,,,,,At least one target untested,False,missing_target_endpoint
6,CN(C(N1C)=O)C2=C(C1=O)N(CC3=NN=C(O3)C4=CC=C(C(Cl)=C4)Cl)C(N5CCNCC5)=N2,Cn1c(=O)c2c(nc(N3CCNCC3)n2Cc2nnc(-c3ccc(Cl)c(Cl)c3)o2)n(C)c1=O,"TH5427 / Methods normalization control, not a catalytic IC50 titration",IC50,purified_enzyme_catalytic_inhibition,uM,untested,,,,,,,not tested,No numeric mean or SD reported,untested,,,,,,,not tested,No numeric mean or SD reported,IC50_NUDT14 / IC50_NUDT5,dimensionless,missing_endpoint,,,,,,,At least one target untested,False,missing_target_endpoint
7,CN(C(N=C1N(CC2)CCN2CCCCN)=C(N1CC3=NN=C(C4=CC=C(Cl)C(Cl)=C4)O3)C5=O)C(N5C)=O,Cn1c(=O)c2c(nc(N3CCN(CCCCN)CC3)n2Cc2nnc(-c3ccc(Cl)c(Cl)c3)o2)n(C)c1=O,source compound; no new control qualification asserted,IC50,purified_enzyme_catalytic_inhibition,uM,untested,,,,,,,not tested,No numeric mean or SD reported,untested,,,,,,,not tested,No numeric mean or SD reported,IC50_NUDT14 / IC50_NUDT5,dimensionless,missing_endpoint,,,,,,,At least one target untested,False,missing_target_endpoint
8,CN(C(N=C1N(CC2)CCN2CCCCNC(CCC3=CC=C4N3[B-](F)(F)[N+]5=C(C6=CC=CN6)C=CC5=C4)=O)=C(N1CC7=NN=C(C8=CC=C(Cl)C(Cl)=C8)O7)C9=O)C(N9C)=O,Cn1c(=O)c2c(nc(N3CCN(CCCCNC(=O)CCc4ccc5n4[B-](F)(F)[N+]4=C(c6ccc[nH]6)C=CC4=C5)CC3)n2Cc2nnc(-c3ccc(Cl)c(Cl)c3)o2)n(C)c1=O,source compound; no new control qualification asserted,IC50,purified_enzyme_catalytic_inhibition,uM,untested,,,,,,,not tested,No numeric mean or SD reported,untested,,,,,,,not tested,No numeric mean or SD reported,IC50_NUDT14 / IC50_NUDT5,dimensionless,missing_endpoint,,,,,,,At least one target untested,False,missing_target_endpoint
9,NC1=C2C(N(C3CCN(C)CC3)N=C2C4=CC=C(C=C4)OC5=CC=CC=C5)=NC=N1,CN1CCC(n2nc(-c3ccc(Oc4ccccc4)cc3)c3c(N)ncnc32)CC1,published dual NUDT5/NUDT14 inhibitor; not a new discovery,IC50,purified_enzyme_catalytic_inhibition,uM,numeric,=,0.27,0.027,,,2,0.270 ± 0.027,Table 1 mean and SD of two independent biological replicates (n=2),numeric,=,0.162,0.005,,,2,0.162 ± 0.005,Table 1 mean and SD of two independent biological replicates (n=2),IC50_NUDT14 / IC50_NUDT5,dimensionless,point,0.6,,-0.22184874961635637,,=,,,True,
10,NC1=C2C(N(C)N=C2C3=CC=C(OC4=CC=CC=C4)C=C3)=NC=N1,Cn1nc(-c2ccc(Oc3ccccc3)cc2)c2c(N)ncnc21,source compound; no new control qualification asserted,IC50,purified_enzyme_catalytic_inhibition,uM,numeric,=,0.487,0.01,,,2,0.487 ± 0.010,Table 1 mean and SD of two independent biological replicates (n=2),numeric,=,0.263,0.031,,,2,0.263 ± 0.031,Table 1 mean and SD of two independent biological replicates (n=2),IC50_NUDT14 / IC50_NUDT5,dimensionless,point,0.540041067761807,,-0.26757321272487644,,=,,,False,training_exact_parent_or_tautomer_overlap
11,NC1=C2C(NN=C2C3=CC=C(OC4=CC=CC=C4)C=C3)=NC=N1,Nc1ncnc2[nH]nc(-c3ccc(Oc4ccccc4)cc3)c12,source compound; no new control qualification asserted,IC50,purified_enzyme_catalytic_inhibition,uM,numeric,=,2.04,0.24,,,2,2.04 ± 0.240,Table 1 mean and SD of two independent biological replicates (n=2),numeric,=,0.519,0.084,,,2,0.519 ± 0.084,Table 1 mean and SD of two independent biological replicates (n=2),IC50_NUDT14 / IC50_NUDT5,dimensionless,point,0.25441176470588234,,-0.5944628095774409,,=,,,False,training_exact_parent_or_tautomer_overlap
12,NC1=C2C(N(C3CCN(C)CC3)N=C2C4=CCN(C(C=C)=O)CC4)=NC=N1,C=CC(=O)N1CC=C(c2nn(C3CCN(C)CC3)c3ncnc(N)c23)CC1,source compound; no new control qualification asserted,IC50,purified_enzyme_catalytic_inhibition,uM,right_censored,>,,,50.0,True,,not active,No numeric mean or SD reported,right_censored,>,,,50.0,True,,not active,No numeric mean or SD reported,IC50_NUDT14 / IC50_NUDT5,dimensionless,double_censored,,,,,,,Both IC50 >50 uM permit any positive ratio; no informative finite bound or direction,True,
13,NC1=C2C(N(C3CCN(C)CC3)N=C2C4=CCCN(C(C=C)=O)C4)=NC=N1,C=CC(=O)N1CCC=C(c2nn(C3CCN(C)CC3)c3ncnc(N)c23)C1,source compound; no new control qualification asserted,IC50,purified_enzyme_catalytic_inhibition,uM,right_censored,>,,,50.0,True,,not active,No numeric mean or SD reported,numeric,=,3.72,0.19,,,2,3.72 ± 0.190,Table 1 mean and SD of two independent biological replicates (n=2),IC50_NUDT14 / IC50_NUDT5,dimensionless,upper_bound,,0.07440000000000001,,-1.1284270644541212,<,True,,True,
14,NC1=C2C(N(C3CCN(C)CC3)N=C2C4=CC=C(CNC(C=C)=O)C=C4)=NC=N1,C=CC(=O)NCc1ccc(-c2nn(C3CCN(C)CC3)c3ncnc(N)c23)cc1,source compound; no new control qualification asserted,IC50,purified_enzyme_catalytic_inhibition,uM,numeric,=,13.8,0.9,,,2,13.8 ± 0.900,Table 1 mean and SD of two independent biological replicates (n=2),numeric,=,1.64,0.14,,,2,1.64 ± 0.140,Table 1 mean and SD of two independent biological replicates (n=2),IC50_NUDT14 / IC50_NUDT5,dimensionless,point,0.11884057971014492,,-0.9250352383535386,,=,,,True,
15,NC1=C2C(N(C3CCN(C)CC3)N=C2C4CCN(C(C=C)=O)CC4)=NC=N1,C=CC(=O)N1CCC(c2nn(C3CCN(C)CC3)c3ncnc(N)c23)CC1,source compound; no new control qualification asserted,IC50,purified_enzyme_catalytic_inhibition,uM,right_censored,>,,,50.0,True,,not active,No numeric mean or SD reported,right_censored,>,,,50.0,True,,not active,No numeric mean or SD reported,IC50_NUDT14 / IC50_NUDT5,dimensionless,double_censored,,,,,,,Both IC50 >50 uM permit any positive ratio; no informative finite bound or direction,True,
16,NC1=C2C(NN=C2Br)=NC=N1,Nc1ncnc2[nH]nc(Br)c12,source compound; no new control qualification asserted,IC50,purified_enzyme_catalytic_inhibition,uM,untested,,,,,,,not tested,No numeric mean or SD reported,untested,,,,,,,not tested,No numeric mean or SD reported,IC50_NUDT14 / IC50_NUDT5,dimensionless,missing_endpoint,,,,,,,At least one target untested,False,missing_target_endpoint
17a,NC1=C2C(N(C3CCN(C)CC3)N=C2Br)=NC=N1,CN1CCC(n2nc(Br)c3c(N)ncnc32)CC1,source compound; no new control qualification asserted,IC50,purified_enzyme_catalytic_inhibition,uM,untested,,,,,,,not tested,No numeric mean or SD reported,untested,,,,,,,not tested,No numeric mean or SD reported,IC50_NUDT14 / IC50_NUDT5,dimensionless,missing_endpoint,,,,,,,At least one target untested,False,missing_target_endpoint
17b,NC1=C2C(N(C)N=C2Br)=NC=N1,Cn1nc(Br)c2c(N)ncnc21,source compound; no new control qualification asserted,IC50,purified_enzyme_catalytic_inhibition,uM,untested,,,,,,,not tested,No numeric mean or SD reported,untested,,,,,,,not tested,No numeric mean or SD reported,IC50_NUDT14 / IC50_NUDT5,dimensionless,missing_endpoint,,,,,,,At least one target untested,False,missing_target_endpoint
18a,NC1=C2C(N(C3CCN(C)CC3)N=C2C(CC4)=CCN4C(OC(C)(C)C)=O)=NC=N1,CN1CCC(n2nc(C3=CCN(C(=O)OC(C)(C)C)CC3)c3c(N)ncnc32)CC1,source compound; no new control qualification asserted,IC50,purified_enzyme_catalytic_inhibition,uM,untested,,,,,,,not tested,No numeric mean or SD reported,untested,,,,,,,not tested,No numeric mean or SD reported,IC50_NUDT14 / IC50_NUDT5,dimensionless,missing_endpoint,,,,,,,At least one target untested,False,missing_target_endpoint
18b,NC1=C2C(N(C3CCN(C)CC3)N=C2C(C4)=CCCN4C(OC(C)(C)C)=O)=NC=N1,CN1CCC(n2nc(C3=CCCN(C(=O)OC(C)(C)C)C3)c3c(N)ncnc32)CC1,source compound; no new control qualification asserted,IC50,purified_enzyme_catalytic_inhibition,uM,untested,,,,,,,not tested,No numeric mean or SD reported,untested,,,,,,,not tested,No numeric mean or SD reported,IC50_NUDT14 / IC50_NUDT5,dimensionless,missing_endpoint,,,,,,,At least one target untested,False,missing_target_endpoint
18c,NC1=C2C(N(C3CCN(C)CC3)N=C2C4=CC=C(CNC(OC(C)(C)C)=O)C=C4)=NC=N1,CN1CCC(n2nc(-c3ccc(CNC(=O)OC(C)(C)C)cc3)c3c(N)ncnc32)CC1,source compound; no new control qualification asserted,IC50,purified_enzyme_catalytic_inhibition,uM,untested,,,,,,,not tested,No numeric mean or SD reported,untested,,,,,,,not tested,No numeric mean or SD reported,IC50_NUDT14 / IC50_NUDT5,dimensionless,missing_endpoint,,,,,,,At least one target untested,False,missing_target_endpoint
19,NC1=C2C(N(C3CCN(C)CC3)N=C2C4CCN(CC4)C(OC(C)(C)C)=O)=NC=N1,CN1CCC(n2nc(C3CCN(C(=O)OC(C)(C)C)CC3)c3c(N)ncnc32)CC1,source compound; no new control qualification asserted,IC50,purified_enzyme_catalytic_inhibition,uM,untested,,,,,,,not tested,No numeric mean or SD reported,untested,,,,,,,not tested,No numeric mean or SD reported,IC50_NUDT14 / IC50_NUDT5,dimensionless,missing_endpoint,,,,,,,At least one target untested,False,missing_target_endpoint
N-Boc-protected 7,CN1C(N(C)C(C2=C1N=C(N3CCN(CCCCNC(OC(C)(C)C)=O)CC3)N2CC4=NN=C(O4)C5=CC=C(Cl)C(Cl)=C5)=O)=O,Cn1c(=O)c2c(nc(N3CCN(CCCCNC(=O)OC(C)(C)C)CC3)n2Cc2nnc(-c3ccc(Cl)c(Cl)c3)o2)n(C)c1=O,source compound; no new control qualification asserted,IC50,purified_enzyme_catalytic_inhibition,uM,untested,,,,,,,not tested,No numeric mean or SD reported,untested,,,,,,,not tested,No numeric mean or SD reported,IC50_NUDT14 / IC50_NUDT5,dimensionless,missing_endpoint,,,,,,,At least one target untested,False,missing_target_endpoint
