source_compound,canonical_isomeric_smiles,scenario,score_source_json_pointer,join_verified,paired_diagnostic_eligible,exclusion_reasons,ratio_status,max_training_tanimoto,nearest_training_id,Equal_mean,GBT,Nearest_active,Property_LR,RF,SVM_RBF,RF_rank_within_six,GBT_rank_within_six,SVM_RBF_rank_within_six,Nearest_active_rank_within_six,Property_LR_rank_within_six,Equal_mean_rank_within_six
1,C=CC(=O)N1CCC[C@@H](n2nc(-c3ccc(Oc4ccccc4)cc3)c3c(N)ncnc32)C1,historical_original_graphs,/measured_source_challenge/rows/0,True,True,,point,0.4925373134328358,ACT-20,0.6849901880480272,0.9999749175346968,0.4925373134328358,0.9570928670244283,0.54,0.7074485212245764,2,1,2,2,1,2
1,C=CC(=O)N1CCC[C@@H](n2nc(-c3ccc(Oc4ccccc4)cc3)c3c(N)ncnc32)C1,stored_authenticated_reference_sensitivity,/reference_sensitivity/measured_source_challenge/rows/0,True,True,,point,0.4925373134328358,ACT-20,0.7038807231413113,0.9999749175346968,0.4925373134328358,0.9632850780328581,0.57,0.7530106615977127,2,1,2,2,1,2
2,CC#CC(=O)N1CCC[C@H]1c1nc(-c2ccc(C(=O)Nc3ccccn3)cc2)c2c(N)nccn12,historical_original_graphs,/measured_source_challenge/rows/1,True,False,missing_target_endpoint,missing_endpoint,0.36363636363636365,DEC-13,0.15723739242148538,0.010568599031301815,0.20454545454545456,0.9803534579986785,0.21,0.20383551610918513,,,,,,
2,CC#CC(=O)N1CCC[C@H]1c1nc(-c2ccc(C(=O)Nc3ccccn3)cc2)c2c(N)nccn12,stored_authenticated_reference_sensitivity,/reference_sensitivity/measured_source_challenge/rows/1,True,False,missing_target_endpoint,missing_endpoint,0.36363636363636365,DEC-13,0.17295069055607346,0.02836885219481269,0.20454545454545456,0.9813996078924051,0.22,0.23888845548402657,,,,,,
3,CC#CC(=O)N[C@H]1CCCN(c2c(F)cc(C(N)=O)c3[nH]c(C)c(C)c23)C1,historical_original_graphs,/measured_source_challenge/rows/2,True,False,missing_target_endpoint,missing_endpoint,0.1643835616438356,DEC-25,0.09828230375667701,0.00012097858691209213,0.1262135922330097,0.6059750921221727,0.1,0.16679464420678625,,,,,,
3,CC#CC(=O)N[C@H]1CCCN(c2c(F)cc(C(N)=O)c3[nH]c(C)c(C)c23)C1,stored_authenticated_reference_sensitivity,/reference_sensitivity/measured_source_challenge/rows/2,True,False,missing_target_endpoint,missing_endpoint,0.1643835616438356,DEC-25,0.10124426550614236,0.00016537703250819646,0.1262135922330097,0.5817985497440271,0.08,0.19859809275905158,,,,,,
4,C=CC(=O)N1CCC(CNc2ncnc(N)c2-c2ccc(Oc3ccccc3)cc2)CC1,historical_original_graphs,/measured_source_challenge/rows/3,True,False,missing_target_endpoint,missing_endpoint,0.34782608695652173,ACT-19,0.520513774904821,0.9986998092344505,0.34782608695652173,0.979230071067366,0.32,0.41552920342831146,,,,,,
4,C=CC(=O)N1CCC(CNc2ncnc(N)c2-c2ccc(Oc3ccccc3)cc2)CC1,stored_authenticated_reference_sensitivity,/reference_sensitivity/measured_source_challenge/rows/3,True,False,missing_target_endpoint,missing_endpoint,0.34782608695652173,ACT-19,0.5445039288340865,0.9974610364674174,0.34782608695652173,0.9804531827400917,0.37,0.46272859191240673,,,,,,
5,C#Cc1cccc(Oc2ccc(-c3nn([C@@H]4CCCN(C(=O)C=C)C4)c4ncnc(N)c34)cc2)c1,historical_original_graphs,/measured_source_challenge/rows/4,True,False,missing_target_endpoint,missing_endpoint,0.41025641025641024,ACT-20,0.6377302290159412,0.9999749175346968,0.41025641025641024,0.967248546164679,0.52,0.6206895882726579,,,,,,
5,C#Cc1cccc(Oc2ccc(-c3nn([C@@H]4CCCN(C(=O)C=C)C4)c4ncnc(N)c34)cc2)c1,stored_authenticated_reference_sensitivity,/reference_sensitivity/measured_source_challenge/rows/4,True,False,missing_target_endpoint,missing_endpoint,0.41025641025641024,ACT-20,0.6670638953722202,0.9999749175346968,0.41025641025641024,0.9720599017559438,0.57,0.688024253697774,,,,,,
6,Cn1c(=O)c2c(nc(N3CCNCC3)n2Cc2nnc(-c3ccc(Cl)c(Cl)c3)o2)n(C)c1=O,historical_original_graphs,/measured_source_challenge/rows/5,True,False,missing_target_endpoint,missing_endpoint,0.7761194029850746,ACT-01,0.818961834547526,0.8745651757049284,0.7761194029850746,0.9842890312095646,0.71,0.915162759500101,,,,,,
6,Cn1c(=O)c2c(nc(N3CCNCC3)n2Cc2nnc(-c3ccc(Cl)c(Cl)c3)o2)n(C)c1=O,stored_authenticated_reference_sensitivity,/reference_sensitivity/measured_source_challenge/rows/5,True,False,training_exact_parent_or_tautomer_overlap;missing_target_endpoint,missing_endpoint,1.0,ACT-01,0.9809387380859219,0.9999749175346968,1.0,0.9885030371529137,0.94,0.9837800348089909,,,,,,
7,Cn1c(=O)c2c(nc(N3CCN(CCCCN)CC3)n2Cc2nnc(-c3ccc(Cl)c(Cl)c3)o2)n(C)c1=O,historical_original_graphs,/measured_source_challenge/rows/6,True,False,missing_target_endpoint,missing_endpoint,0.6103896103896104,ACT-12,0.7382872870934964,0.8745651757049284,0.6103896103896104,0.9993132449825076,0.68,0.7881943622794466,,,,,,
7,Cn1c(=O)c2c(nc(N3CCN(CCCCN)CC3)n2Cc2nnc(-c3ccc(Cl)c(Cl)c3)o2)n(C)c1=O,stored_authenticated_reference_sensitivity,/reference_sensitivity/measured_source_challenge/rows/6,True,False,missing_target_endpoint,missing_endpoint,0.7464788732394366,ACT-01,0.9065213787352118,0.9999749175346968,0.7464788732394366,0.999566377750256,0.94,0.9396317241667137,,,,,,
8,Cn1c(=O)c2c(nc(N3CCN(CCCCNC(=O)CCc4ccc5n4[B-](F)(F)[N+]4=C(c6ccc[nH]6)C=CC4=C5)CC3)n2Cc2nnc(-c3ccc(Cl)c(Cl)c3)o2)n(C)c1=O,historical_original_graphs,/measured_source_challenge/rows/7,True,False,missing_target_endpoint,missing_endpoint,0.4067796610169492,ACT-12,0.614167358435922,0.8745651757049284,0.4067796610169492,0.9999994006432742,0.66,0.5153245970218099,,,,,,
8,Cn1c(=O)c2c(nc(N3CCN(CCCCNC(=O)CCc4ccc5n4[B-](F)(F)[N+]4=C(c6ccc[nH]6)C=CC4=C5)CC3)n2Cc2nnc(-c3ccc(Cl)c(Cl)c3)o2)n(C)c1=O,stored_authenticated_reference_sensitivity,/reference_sensitivity/measured_source_challenge/rows/7,True,False,missing_target_endpoint,missing_endpoint,0.48214285714285715,ACT-01,0.7702147876192894,0.9999749175346968,0.48214285714285715,0.9999996006592229,0.9,0.6987413757996033,,,,,,
9,CN1CCC(n2nc(-c3ccc(Oc4ccccc4)cc3)c3c(N)ncnc32)CC1,historical_original_graphs,/measured_source_challenge/rows/8,True,True,,point,0.660377358490566,ACT-20,0.8112918447294915,0.9999749175346968,0.660377358490566,0.8538290968504938,0.69,0.894815102892703,1,1,1,1,3,1
9,CN1CCC(n2nc(-c3ccc(Oc4ccccc4)cc3)c3c(N)ncnc32)CC1,stored_authenticated_reference_sensitivity,/reference_sensitivity/measured_source_challenge/rows/8,True,True,,point,0.660377358490566,ACT-20,0.8290051715657679,0.9999749175346968,0.660377358490566,0.8684970596769688,0.74,0.9156684102378085,1,1,1,1,3,1
10,Cn1nc(-c2ccc(Oc3ccccc3)cc2)c2c(N)ncnc21,historical_original_graphs,/measured_source_challenge/rows/9,True,False,training_exact_parent_or_tautomer_overlap,point,1.0,ACT-20,0.9349196665743033,0.9999749175346968,1.0,0.44894736110611133,0.76,0.9797037487625161,,,,,,
10,Cn1nc(-c2ccc(Oc3ccccc3)cc2)c2c(N)ncnc21,stored_authenticated_reference_sensitivity,/reference_sensitivity/measured_source_challenge/rows/9,True,False,training_exact_parent_or_tautomer_overlap,point,1.0,ACT-20,0.9434362919881296,0.9999749175346968,1.0,0.46453310627705535,0.79,0.9837702504178218,,,,,,
11,Nc1ncnc2[nH]nc(-c3ccc(Oc4ccccc4)cc3)c12,historical_original_graphs,/measured_source_challenge/rows/10,True,False,training_exact_parent_or_tautomer_overlap,point,1.0,ACT-19,0.9224122759443929,0.9999749175346968,1.0,0.5954021434485256,0.71,0.9796741862428747,,,,,,
11,Nc1ncnc2[nH]nc(-c3ccc(Oc4ccccc4)cc3)c12,stored_authenticated_reference_sensitivity,/reference_sensitivity/measured_source_challenge/rows/10,True,False,training_exact_parent_or_tautomer_overlap,point,1.0,ACT-19,0.925937847766225,0.9999749175346968,1.0,0.5765469148630313,0.72,0.9837764735302035,,,,,,
12,C=CC(=O)N1CC=C(c2nn(C3CCN(C)CC3)c3ncnc(N)c23)CC1,historical_original_graphs,/measured_source_challenge/rows/11,True,True,,double_censored,0.2702702702702703,ACT-20,0.2549123059853779,0.15304550305907036,0.2702702702702703,0.6911372527954982,0.28,0.3163334506121709,4,3,4,4,5,4
12,C=CC(=O)N1CC=C(c2nn(C3CCN(C)CC3)c3ncnc(N)c23)CC1,stored_authenticated_reference_sensitivity,/reference_sensitivity/measured_source_challenge/rows/11,True,True,,double_censored,0.2702702702702703,ACT-20,0.3433912657299014,0.41952016175005835,0.2702702702702703,0.7407519450106889,0.31,0.373774630899277,4,3,4,4,5,4
13,C=CC(=O)N1CCC=C(c2nn(C3CCN(C)CC3)c3ncnc(N)c23)C1,historical_original_graphs,/measured_source_challenge/rows/12,True,True,,upper_bound,0.2702702702702703,ACT-20,0.2536109467853122,0.15304550305907036,0.2702702702702703,0.6911372527954982,0.28,0.31112801381190813,4,3,5,4,5,5
13,C=CC(=O)N1CCC=C(c2nn(C3CCN(C)CC3)c3ncnc(N)c23)C1,stored_authenticated_reference_sensitivity,/reference_sensitivity/measured_source_challenge/rows/12,True,True,,upper_bound,0.2702702702702703,ACT-20,0.3406830854708086,0.41952016175005835,0.2702702702702703,0.7407519450106889,0.31,0.36294190986290586,4,3,5,4,5,5
14,C=CC(=O)NCc1ccc(-c2nn(C3CCN(C)CC3)c3ncnc(N)c23)cc1,historical_original_graphs,/measured_source_challenge/rows/13,True,True,,point,0.3472222222222222,ACT-20,0.3255848133232393,0.15304550305907036,0.3472222222222222,0.9281408236070818,0.39,0.4120715280116647,3,3,3,3,2,3
14,C=CC(=O)NCc1ccc(-c2nn(C3CCN(C)CC3)c3ncnc(N)c23)cc1,stored_authenticated_reference_sensitivity,/reference_sensitivity/measured_source_challenge/rows/13,True,True,,point,0.3472222222222222,ACT-20,0.4085066801941919,0.41952016175005835,0.3472222222222222,0.9355030470743105,0.4,0.4672843368044868,3,3,3,3,2,3
15,C=CC(=O)N1CCC(c2nn(C3CCN(C)CC3)c3ncnc(N)c23)CC1,historical_original_graphs,/measured_source_challenge/rows/14,True,True,,double_censored,0.25,ACT-20,0.23655272439605374,0.15304550305907036,0.25,0.697845339807619,0.26,0.2831653945251446,6,3,6,6,4,6
15,C=CC(=O)N1CCC(c2nn(C3CCN(C)CC3)c3ncnc(N)c23)CC1,stored_authenticated_reference_sensitivity,/reference_sensitivity/measured_source_challenge/rows/14,True,True,,double_censored,0.25,ACT-20,0.3184457885448807,0.41952016175005835,0.25,0.7499279442973583,0.27,0.33426299242946433,6,3,6,6,4,6
16,Nc1ncnc2[nH]nc(Br)c12,historical_original_graphs,/measured_source_challenge/rows/15,True,False,missing_target_endpoint,missing_endpoint,0.42857142857142855,ACT-19,0.30455592787404956,0.15304550305907036,0.42857142857142855,0.05129054702462385,0.28,0.35660677986569916,,,,,,
16,Nc1ncnc2[nH]nc(Br)c12,stored_authenticated_reference_sensitivity,/reference_sensitivity/measured_source_challenge/rows/15,True,False,missing_target_endpoint,missing_endpoint,0.42857142857142855,ACT-19,0.38051181893734204,0.41952016175005835,0.42857142857142855,0.04724704648360957,0.3,0.37395568542788127,,,,,,
17a,CN1CCC(n2nc(Br)c3c(N)ncnc32)CC1,historical_original_graphs,/measured_source_challenge/rows/16,True,False,missing_target_endpoint,missing_endpoint,0.3103448275862069,ACT-20,0.2762672792168512,0.15304550305907036,0.3103448275862069,0.17204073719341165,0.3,0.3416787862221276,,,,,,
17a,CN1CCC(n2nc(Br)c3c(N)ncnc32)CC1,stored_authenticated_reference_sensitivity,/reference_sensitivity/measured_source_challenge/rows/16,True,False,missing_target_endpoint,missing_endpoint,0.3103448275862069,ACT-20,0.3556707013446253,0.41952016175005835,0.3103448275862069,0.1972133363263229,0.31,0.3828178160422359,,,,,,
17b,Cn1nc(Br)c2c(N)ncnc21,historical_original_graphs,/measured_source_challenge/rows/17,True,False,missing_target_endpoint,missing_endpoint,0.4666666666666667,ACT-20,0.36245895943302064,0.15304550305907036,0.4666666666666667,0.02870790390839087,0.38,0.45012366800634557,,,,,,
17b,Cn1nc(Br)c2c(N)ncnc21,stored_authenticated_reference_sensitivity,/reference_sensitivity/measured_source_challenge/rows/17,True,False,missing_target_endpoint,missing_endpoint,0.4666666666666667,ACT-20,0.4415303400481354,0.41952016175005835,0.4666666666666667,0.03087429351060145,0.39,0.48993453177581675,,,,,,
18a,CN1CCC(n2nc(C3=CCN(C(=O)OC(C)(C)C)CC3)c3c(N)ncnc32)CC1,historical_original_graphs,/measured_source_challenge/rows/18,True,False,missing_target_endpoint,missing_endpoint,0.28,ACT-20,0.27078895332671266,0.15304550305907036,0.28,0.8829412632218469,0.3,0.3501103102477802,,,,,,
18a,CN1CCC(n2nc(C3=CCN(C(=O)OC(C)(C)C)CC3)c3c(N)ncnc32)CC1,stored_authenticated_reference_sensitivity,/reference_sensitivity/measured_source_challenge/rows/18,True,False,missing_target_endpoint,missing_endpoint,0.28,ACT-20,0.35959889104902343,0.41952016175005835,0.28,0.9045318293169483,0.33,0.40887540244603526,,,,,,
18b,CN1CCC(n2nc(C3=CCCN(C(=O)OC(C)(C)C)C3)c3c(N)ncnc32)CC1,historical_original_graphs,/measured_source_challenge/rows/19,True,False,missing_target_endpoint,missing_endpoint,0.28,ACT-20,0.2732874006225817,0.15304550305907036,0.28,0.8829412632218469,0.3,0.3601040994312566,,,,,,
18b,CN1CCC(n2nc(C3=CCCN(C(=O)OC(C)(C)C)C3)c3c(N)ncnc32)CC1,stored_authenticated_reference_sensitivity,/reference_sensitivity/measured_source_challenge/rows/19,True,False,missing_target_endpoint,missing_endpoint,0.28,ACT-20,0.36111915322601673,0.41952016175005835,0.28,0.9045318293169483,0.33,0.41495645115400853,,,,,,
18c,CN1CCC(n2nc(-c3ccc(CNC(=O)OC(C)(C)C)cc3)c3c(N)ncnc32)CC1,historical_original_graphs,/measured_source_challenge/rows/20,True,False,missing_target_endpoint,missing_endpoint,0.3561643835616438,ACT-20,0.33603461039514726,0.15304550305907036,0.3561643835616438,0.9775479615956405,0.4,0.4349285549598749,,,,,,
18c,CN1CCC(n2nc(-c3ccc(CNC(=O)OC(C)(C)C)cc3)c3c(N)ncnc32)CC1,stored_authenticated_reference_sensitivity,/reference_sensitivity/measured_source_challenge/rows/20,True,False,missing_target_endpoint,missing_endpoint,0.3561643835616438,ACT-20,0.41935003678241034,0.41952016175005835,0.3561643835616438,0.979631328986808,0.41,0.49171560181793916,,,,,,
19,CN1CCC(n2nc(C3CCN(C(=O)OC(C)(C)C)CC3)c3c(N)ncnc32)CC1,historical_original_graphs,/measured_source_challenge/rows/21,True,False,missing_target_endpoint,missing_endpoint,0.2602739726027397,ACT-20,0.25206361968598817,0.15304550305907036,0.2602739726027397,0.8862842581386104,0.28,0.31493500308214256,,,,,,
19,CN1CCC(n2nc(C3CCN(C(=O)OC(C)(C)C)CC3)c3c(N)ncnc32)CC1,stored_authenticated_reference_sensitivity,/reference_sensitivity/measured_source_challenge/rows/21,True,False,missing_target_endpoint,missing_endpoint,0.2602739726027397,ACT-20,0.3348220823474044,0.41952016175005835,0.2602739726027397,0.9085644043531744,0.29,0.36949419503681963,,,,,,
N-Boc-protected 7,Cn1c(=O)c2c(nc(N3CCN(CCCCNC(=O)OC(C)(C)C)CC3)n2Cc2nnc(-c3ccc(Cl)c(Cl)c3)o2)n(C)c1=O,historical_original_graphs,/measured_source_challenge/rows/22,True,False,missing_target_endpoint,missing_endpoint,0.5340909090909091,ACT-12,0.6867095071003966,0.8745651757049284,0.5340909090909091,0.9999516058837643,0.65,0.6881819436057486,,,,,,
N-Boc-protected 7,Cn1c(=O)c2c(nc(N3CCN(CCCCNC(=O)OC(C)(C)C)CC3)n2Cc2nnc(-c3ccc(Cl)c(Cl)c3)o2)n(C)c1=O,stored_authenticated_reference_sensitivity,/reference_sensitivity/measured_source_challenge/rows/22,True,False,missing_target_endpoint,missing_endpoint,0.6463414634146342,ACT-01,0.8563862886884803,0.9999749175346968,0.6463414634146342,0.9999699636434667,0.9,0.8792287738045901,,,,,,
