source_compound,source_smiles,canonical_isomeric_smiles,target,endpoint,endpoint_family,unit,status,comparator,reported_mean,reported_sd,bound,bound_strict,author_csv_raw,ledger_text,table1_text,conditions_id,conditions_application,uncertainty_definition,biological_n_for_reported_sd,raw_replicates_available,paired_target_replicates_available,source_ids,source_locations,discrepancy_ids
1,NC1=C2C(N([C@H]3CN(C(C=C)=O)CCC3)N=C2C4=CC=C(OC5=CC=CC=C5)C=C4)=NC=N1,C=CC(=O)N1CCC[C@@H](n2nc(-c3ccc(Oc4ccccc4)cc3)c3c(N)ncnc32)C1,NUDT5,IC50,purified_enzyme_catalytic_inhibition,uM,numeric,=,0.837,0.329,,,0.837 ± 0.329,0.837 ± 0.329,0.837 ± 0.329,Balikci2024_NUDT5_catalytic,reported endpoint protocol,Table 1 mean and SD of two independent biological replicates (n=2),2,False,False,balikci_csv;balikci_xml;table1_values,jm4c00072_si_002.csv:line 2:column NUDT5 IC50;tbl1/fx2:compound 1:NUDT5;tbl1/t1fn1;tbl1/t1fn2,
1,NC1=C2C(N([C@H]3CN(C(C=C)=O)CCC3)N=C2C4=CC=C(OC5=CC=CC=C5)C=C4)=NC=N1,C=CC(=O)N1CCC[C@@H](n2nc(-c3ccc(Oc4ccccc4)cc3)c3c(N)ncnc32)C1,NUDT14,IC50,purified_enzyme_catalytic_inhibition,uM,numeric,=,0.99,0.11,,,0.990 ± 0.110,0.990 ± 0.110,0.990 ± 0.110,Balikci2024_NUDT14_catalytic,reported endpoint protocol,Table 1 mean and SD of two independent biological replicates (n=2),2,False,False,balikci_csv;balikci_xml;table1_values,jm4c00072_si_002.csv:line 2:column NUDT14 IC50;tbl1/fx2:compound 1:NUDT14;tbl1/t1fn1;tbl1/t1fn2,
2,NC1=NC=CN2C1=C(C3=CC=C(C(NC4=NC=CC=C4)=O)C=C3)N=C2[C@@H]5CCCN5C(C#CC)=O,CC#CC(=O)N1CCC[C@H]1c1nc(-c2ccc(C(=O)Nc3ccccn3)cc2)c2c(N)nccn12,NUDT5,IC50,purified_enzyme_catalytic_inhibition,uM,right_censored,>,,,50.0,True,not active,not active,,Balikci2024_NUDT5_catalytic,reported endpoint protocol,No numeric mean or SD reported,,False,False,balikci_csv;balikci_xml,jm4c00072_si_002.csv:line 3:column NUDT5 IC50;sec2/p[1]:no NUDT5 inhibition up to 50 uM,
2,NC1=NC=CN2C1=C(C3=CC=C(C(NC4=NC=CC=C4)=O)C=C3)N=C2[C@@H]5CCCN5C(C#CC)=O,CC#CC(=O)N1CCC[C@H]1c1nc(-c2ccc(C(=O)Nc3ccccn3)cc2)c2c(N)nccn12,NUDT14,IC50,purified_enzyme_catalytic_inhibition,uM,untested,,,,,,not tested,not tested,,Balikci2024_NUDT14_catalytic,context only; no IC50 observation supplied,No numeric mean or SD reported,,False,False,balikci_csv;balikci_xml,jm4c00072_si_002.csv:line 3:column NUDT14 IC50,
3,FC1=CC(C(N)=O)=C(NC(C)=C2C)C2=C1N3C[C@@H](NC(C#CC)=O)CCC3,CC#CC(=O)N[C@H]1CCCN(c2c(F)cc(C(N)=O)c3[nH]c(C)c(C)c23)C1,NUDT5,IC50,purified_enzyme_catalytic_inhibition,uM,right_censored,>,,,50.0,True,not active,not active,,Balikci2024_NUDT5_catalytic,reported endpoint protocol,No numeric mean or SD reported,,False,False,balikci_csv;balikci_xml,jm4c00072_si_002.csv:line 4:column NUDT5 IC50;sec2/p[1]:no NUDT5 inhibition up to 50 uM,
3,FC1=CC(C(N)=O)=C(NC(C)=C2C)C2=C1N3C[C@@H](NC(C#CC)=O)CCC3,CC#CC(=O)N[C@H]1CCCN(c2c(F)cc(C(N)=O)c3[nH]c(C)c(C)c23)C1,NUDT14,IC50,purified_enzyme_catalytic_inhibition,uM,untested,,,,,,not tested,not tested,,Balikci2024_NUDT14_catalytic,context only; no IC50 observation supplied,No numeric mean or SD reported,,False,False,balikci_csv;balikci_xml,jm4c00072_si_002.csv:line 4:column NUDT14 IC50,
4,NC1=C(C2=CC=C(OC3=CC=CC=C3)C=C2)C(NCC4CCN(C(C=C)=O)CC4)=NC=N1,C=CC(=O)N1CCC(CNc2ncnc(N)c2-c2ccc(Oc3ccccc3)cc2)CC1,NUDT5,IC50,purified_enzyme_catalytic_inhibition,uM,numeric,=,13.9,0.62,,,13.9 ± 0.62 ,13.9 ± 0.62,,Balikci2024_NUDT5_catalytic,reported endpoint protocol,CSV mean/SD; Methods says two biological replicates but Figure 1 caption technical-triplicate graph wording differs; aggregation unresolved,,False,False,balikci_csv;balikci_xml,jm4c00072_si_002.csv:line 5:column NUDT5 IC50;fig1/caption:panel B;sec4.3,D1;D2;D6
4,NC1=C(C2=CC=C(OC3=CC=CC=C3)C=C2)C(NCC4CCN(C(C=C)=O)CC4)=NC=N1,C=CC(=O)N1CCC(CNc2ncnc(N)c2-c2ccc(Oc3ccccc3)cc2)CC1,NUDT14,IC50,purified_enzyme_catalytic_inhibition,uM,untested,,,,,,not tested,not tested,,Balikci2024_NUDT14_catalytic,context only; no IC50 observation supplied,No numeric mean or SD reported,,False,False,balikci_csv;balikci_xml,jm4c00072_si_002.csv:line 5:column NUDT14 IC50,
5,NC1=C2C(N([C@H]3CN(C(C=C)=O)CCC3)N=C2C4=CC=C(OC5=CC(C#C)=CC=C5)C=C4)=NC=N1,C#Cc1cccc(Oc2ccc(-c3nn([C@@H]4CCCN(C(=O)C=C)C4)c4ncnc(N)c34)cc2)c1,NUDT5,IC50,purified_enzyme_catalytic_inhibition,uM,numeric,=,21.2,1.02,,,21.2 ± 1.02 ,21.2 ± 1.02,,Balikci2024_NUDT5_catalytic,reported endpoint protocol,CSV mean/SD; Methods says two biological replicates but Figure 1 caption technical-triplicate graph wording differs; aggregation unresolved,,False,False,balikci_csv;balikci_xml,jm4c00072_si_002.csv:line 6:column NUDT5 IC50;fig1/caption:panel B;sec4.3,D1;D2;D6
5,NC1=C2C(N([C@H]3CN(C(C=C)=O)CCC3)N=C2C4=CC=C(OC5=CC(C#C)=CC=C5)C=C4)=NC=N1,C#Cc1cccc(Oc2ccc(-c3nn([C@@H]4CCCN(C(=O)C=C)C4)c4ncnc(N)c34)cc2)c1,NUDT14,IC50,purified_enzyme_catalytic_inhibition,uM,untested,,,,,,not tested,not tested,,Balikci2024_NUDT14_catalytic,context only; no IC50 observation supplied,No numeric mean or SD reported,,False,False,balikci_csv;balikci_xml,jm4c00072_si_002.csv:line 6:column NUDT14 IC50,
6,CN(C(N1C)=O)C2=C(C1=O)N(CC3=NN=C(O3)C4=CC=C(C(Cl)=C4)Cl)C(N5CCNCC5)=N2,Cn1c(=O)c2c(nc(N3CCNCC3)n2Cc2nnc(-c3ccc(Cl)c(Cl)c3)o2)n(C)c1=O,NUDT5,IC50,purified_enzyme_catalytic_inhibition,uM,untested,,,,,,not tested,not tested,,Balikci2024_NUDT5_catalytic,context only; no IC50 observation supplied,No numeric mean or SD reported,,False,False,balikci_csv;balikci_xml,jm4c00072_si_002.csv:line 7:column NUDT5 IC50,D3
6,CN(C(N1C)=O)C2=C(C1=O)N(CC3=NN=C(O3)C4=CC=C(C(Cl)=C4)Cl)C(N5CCNCC5)=N2,Cn1c(=O)c2c(nc(N3CCNCC3)n2Cc2nnc(-c3ccc(Cl)c(Cl)c3)o2)n(C)c1=O,NUDT14,IC50,purified_enzyme_catalytic_inhibition,uM,untested,,,,,,not tested,not tested,,Balikci2024_NUDT14_catalytic,context only; no IC50 observation supplied,No numeric mean or SD reported,,False,False,balikci_csv;balikci_xml,jm4c00072_si_002.csv:line 7:column NUDT14 IC50,D3
7,CN(C(N=C1N(CC2)CCN2CCCCN)=C(N1CC3=NN=C(C4=CC=C(Cl)C(Cl)=C4)O3)C5=O)C(N5C)=O,Cn1c(=O)c2c(nc(N3CCN(CCCCN)CC3)n2Cc2nnc(-c3ccc(Cl)c(Cl)c3)o2)n(C)c1=O,NUDT5,IC50,purified_enzyme_catalytic_inhibition,uM,untested,,,,,,not tested,not tested,,Balikci2024_NUDT5_catalytic,context only; no IC50 observation supplied,No numeric mean or SD reported,,False,False,balikci_csv;balikci_xml,jm4c00072_si_002.csv:line 8:column NUDT5 IC50,
7,CN(C(N=C1N(CC2)CCN2CCCCN)=C(N1CC3=NN=C(C4=CC=C(Cl)C(Cl)=C4)O3)C5=O)C(N5C)=O,Cn1c(=O)c2c(nc(N3CCN(CCCCN)CC3)n2Cc2nnc(-c3ccc(Cl)c(Cl)c3)o2)n(C)c1=O,NUDT14,IC50,purified_enzyme_catalytic_inhibition,uM,untested,,,,,,not tested,not tested,,Balikci2024_NUDT14_catalytic,context only; no IC50 observation supplied,No numeric mean or SD reported,,False,False,balikci_csv;balikci_xml,jm4c00072_si_002.csv:line 8:column NUDT14 IC50,
8,CN(C(N=C1N(CC2)CCN2CCCCNC(CCC3=CC=C4N3[B-](F)(F)[N+]5=C(C6=CC=CN6)C=CC5=C4)=O)=C(N1CC7=NN=C(C8=CC=C(Cl)C(Cl)=C8)O7)C9=O)C(N9C)=O,Cn1c(=O)c2c(nc(N3CCN(CCCCNC(=O)CCc4ccc5n4[B-](F)(F)[N+]4=C(c6ccc[nH]6)C=CC4=C5)CC3)n2Cc2nnc(-c3ccc(Cl)c(Cl)c3)o2)n(C)c1=O,NUDT5,IC50,purified_enzyme_catalytic_inhibition,uM,untested,,,,,,not tested,not tested,,Balikci2024_NUDT5_catalytic,context only; no IC50 observation supplied,No numeric mean or SD reported,,False,False,balikci_csv;balikci_xml,jm4c00072_si_002.csv:line 9:column NUDT5 IC50,
8,CN(C(N=C1N(CC2)CCN2CCCCNC(CCC3=CC=C4N3[B-](F)(F)[N+]5=C(C6=CC=CN6)C=CC5=C4)=O)=C(N1CC7=NN=C(C8=CC=C(Cl)C(Cl)=C8)O7)C9=O)C(N9C)=O,Cn1c(=O)c2c(nc(N3CCN(CCCCNC(=O)CCc4ccc5n4[B-](F)(F)[N+]4=C(c6ccc[nH]6)C=CC4=C5)CC3)n2Cc2nnc(-c3ccc(Cl)c(Cl)c3)o2)n(C)c1=O,NUDT14,IC50,purified_enzyme_catalytic_inhibition,uM,untested,,,,,,not tested,not tested,,Balikci2024_NUDT14_catalytic,context only; no IC50 observation supplied,No numeric mean or SD reported,,False,False,balikci_csv;balikci_xml,jm4c00072_si_002.csv:line 9:column NUDT14 IC50,
9,NC1=C2C(N(C3CCN(C)CC3)N=C2C4=CC=C(C=C4)OC5=CC=CC=C5)=NC=N1,CN1CCC(n2nc(-c3ccc(Oc4ccccc4)cc3)c3c(N)ncnc32)CC1,NUDT5,IC50,purified_enzyme_catalytic_inhibition,uM,numeric,=,0.27,0.027,,,0.270 ± 0.027,0.270 ± 0.027,0.270 ± 0.027,Balikci2024_NUDT5_catalytic,reported endpoint protocol,Table 1 mean and SD of two independent biological replicates (n=2),2,False,False,balikci_csv;balikci_xml;table1_values,jm4c00072_si_002.csv:line 10:column NUDT5 IC50;tbl1/fx2:compound 9:NUDT5;tbl1/t1fn1;tbl1/t1fn2,
9,NC1=C2C(N(C3CCN(C)CC3)N=C2C4=CC=C(C=C4)OC5=CC=CC=C5)=NC=N1,CN1CCC(n2nc(-c3ccc(Oc4ccccc4)cc3)c3c(N)ncnc32)CC1,NUDT14,IC50,purified_enzyme_catalytic_inhibition,uM,numeric,=,0.162,0.005,,,0.162 ± 0.005,0.162 ± 0.005,0.162 ± 0.005,Balikci2024_NUDT14_catalytic,reported endpoint protocol,Table 1 mean and SD of two independent biological replicates (n=2),2,False,False,balikci_csv;balikci_xml;table1_values,jm4c00072_si_002.csv:line 10:column NUDT14 IC50;tbl1/fx2:compound 9:NUDT14;tbl1/t1fn1;tbl1/t1fn2,
10,NC1=C2C(N(C)N=C2C3=CC=C(OC4=CC=CC=C4)C=C3)=NC=N1,Cn1nc(-c2ccc(Oc3ccccc3)cc2)c2c(N)ncnc21,NUDT5,IC50,purified_enzyme_catalytic_inhibition,uM,numeric,=,0.487,0.01,,,0.487 ± 0.010,0.487 ± 0.010,0.487 ± 0.010,Balikci2024_NUDT5_catalytic,reported endpoint protocol,Table 1 mean and SD of two independent biological replicates (n=2),2,False,False,balikci_csv;balikci_xml;table1_values,jm4c00072_si_002.csv:line 11:column NUDT5 IC50;tbl1/fx2:compound 10:NUDT5;tbl1/t1fn1;tbl1/t1fn2,
10,NC1=C2C(N(C)N=C2C3=CC=C(OC4=CC=CC=C4)C=C3)=NC=N1,Cn1nc(-c2ccc(Oc3ccccc3)cc2)c2c(N)ncnc21,NUDT14,IC50,purified_enzyme_catalytic_inhibition,uM,numeric,=,0.263,0.031,,,0.263 ± 0.031,0.263 ± 0.031,0.263 ± 0.031,Balikci2024_NUDT14_catalytic,reported endpoint protocol,Table 1 mean and SD of two independent biological replicates (n=2),2,False,False,balikci_csv;balikci_xml;table1_values,jm4c00072_si_002.csv:line 11:column NUDT14 IC50;tbl1/fx2:compound 10:NUDT14;tbl1/t1fn1;tbl1/t1fn2,
11,NC1=C2C(NN=C2C3=CC=C(OC4=CC=CC=C4)C=C3)=NC=N1,Nc1ncnc2[nH]nc(-c3ccc(Oc4ccccc4)cc3)c12,NUDT5,IC50,purified_enzyme_catalytic_inhibition,uM,numeric,=,2.04,0.24,,,2.04 ± 0.240,2.04 ± 0.240,2.04 ± 0.240,Balikci2024_NUDT5_catalytic,reported endpoint protocol,Table 1 mean and SD of two independent biological replicates (n=2),2,False,False,balikci_csv;balikci_xml;table1_values,jm4c00072_si_002.csv:line 12:column NUDT5 IC50;tbl1/fx2:compound 11:NUDT5;tbl1/t1fn1;tbl1/t1fn2,
11,NC1=C2C(NN=C2C3=CC=C(OC4=CC=CC=C4)C=C3)=NC=N1,Nc1ncnc2[nH]nc(-c3ccc(Oc4ccccc4)cc3)c12,NUDT14,IC50,purified_enzyme_catalytic_inhibition,uM,numeric,=,0.519,0.084,,,0.519 ± 0.084,0.519 ± 0.084,0.519 ± 0.084,Balikci2024_NUDT14_catalytic,reported endpoint protocol,Table 1 mean and SD of two independent biological replicates (n=2),2,False,False,balikci_csv;balikci_xml;table1_values,jm4c00072_si_002.csv:line 12:column NUDT14 IC50;tbl1/fx2:compound 11:NUDT14;tbl1/t1fn1;tbl1/t1fn2,
12,NC1=C2C(N(C3CCN(C)CC3)N=C2C4=CCN(C(C=C)=O)CC4)=NC=N1,C=CC(=O)N1CC=C(c2nn(C3CCN(C)CC3)c3ncnc(N)c23)CC1,NUDT5,IC50,purified_enzyme_catalytic_inhibition,uM,right_censored,>,,,50.0,True,not active,not active,NA,Balikci2024_NUDT5_catalytic,reported endpoint protocol,No numeric mean or SD reported,,False,False,balikci_csv;balikci_xml;table1_values,jm4c00072_si_002.csv:line 13:column NUDT5 IC50;tbl1/fx2:compound 12:NUDT5;tbl1/t1fn1;tbl1/t1fn2,
12,NC1=C2C(N(C3CCN(C)CC3)N=C2C4=CCN(C(C=C)=O)CC4)=NC=N1,C=CC(=O)N1CC=C(c2nn(C3CCN(C)CC3)c3ncnc(N)c23)CC1,NUDT14,IC50,purified_enzyme_catalytic_inhibition,uM,right_censored,>,,,50.0,True,not active,not active,NA,Balikci2024_NUDT14_catalytic,reported endpoint protocol,No numeric mean or SD reported,,False,False,balikci_csv;balikci_xml;table1_values,jm4c00072_si_002.csv:line 13:column NUDT14 IC50;tbl1/fx2:compound 12:NUDT14;tbl1/t1fn1;tbl1/t1fn2,
13,NC1=C2C(N(C3CCN(C)CC3)N=C2C4=CCCN(C(C=C)=O)C4)=NC=N1,C=CC(=O)N1CCC=C(c2nn(C3CCN(C)CC3)c3ncnc(N)c23)C1,NUDT5,IC50,purified_enzyme_catalytic_inhibition,uM,right_censored,>,,,50.0,True,not active,not active,NA,Balikci2024_NUDT5_catalytic,reported endpoint protocol,No numeric mean or SD reported,,False,False,balikci_csv;balikci_xml;table1_values,jm4c00072_si_002.csv:line 14:column NUDT5 IC50;tbl1/fx2:compound 13:NUDT5;tbl1/t1fn1;tbl1/t1fn2,
13,NC1=C2C(N(C3CCN(C)CC3)N=C2C4=CCCN(C(C=C)=O)C4)=NC=N1,C=CC(=O)N1CCC=C(c2nn(C3CCN(C)CC3)c3ncnc(N)c23)C1,NUDT14,IC50,purified_enzyme_catalytic_inhibition,uM,numeric,=,3.72,0.19,,,3.72 ± 0.190,3.72 ± 0.190,3.72 ± 0.190,Balikci2024_NUDT14_catalytic,reported endpoint protocol,Table 1 mean and SD of two independent biological replicates (n=2),2,False,False,balikci_csv;balikci_xml;table1_values,jm4c00072_si_002.csv:line 14:column NUDT14 IC50;tbl1/fx2:compound 13:NUDT14;tbl1/t1fn1;tbl1/t1fn2,
14,NC1=C2C(N(C3CCN(C)CC3)N=C2C4=CC=C(CNC(C=C)=O)C=C4)=NC=N1,C=CC(=O)NCc1ccc(-c2nn(C3CCN(C)CC3)c3ncnc(N)c23)cc1,NUDT5,IC50,purified_enzyme_catalytic_inhibition,uM,numeric,=,13.8,0.9,,,13.8 ± 0.900,13.8 ± 0.900,13.8 ± 0.900,Balikci2024_NUDT5_catalytic,reported endpoint protocol,Table 1 mean and SD of two independent biological replicates (n=2),2,False,False,balikci_csv;balikci_xml;table1_values,jm4c00072_si_002.csv:line 15:column NUDT5 IC50;tbl1/fx2:compound 14:NUDT5;tbl1/t1fn1;tbl1/t1fn2,
14,NC1=C2C(N(C3CCN(C)CC3)N=C2C4=CC=C(CNC(C=C)=O)C=C4)=NC=N1,C=CC(=O)NCc1ccc(-c2nn(C3CCN(C)CC3)c3ncnc(N)c23)cc1,NUDT14,IC50,purified_enzyme_catalytic_inhibition,uM,numeric,=,1.64,0.14,,,1.64 ± 0.140,1.64 ± 0.140,1.64 ± 0.140,Balikci2024_NUDT14_catalytic,reported endpoint protocol,Table 1 mean and SD of two independent biological replicates (n=2),2,False,False,balikci_csv;balikci_xml;table1_values,jm4c00072_si_002.csv:line 15:column NUDT14 IC50;tbl1/fx2:compound 14:NUDT14;tbl1/t1fn1;tbl1/t1fn2,
15,NC1=C2C(N(C3CCN(C)CC3)N=C2C4CCN(C(C=C)=O)CC4)=NC=N1,C=CC(=O)N1CCC(c2nn(C3CCN(C)CC3)c3ncnc(N)c23)CC1,NUDT5,IC50,purified_enzyme_catalytic_inhibition,uM,right_censored,>,,,50.0,True,not active,not active,NA,Balikci2024_NUDT5_catalytic,reported endpoint protocol,No numeric mean or SD reported,,False,False,balikci_csv;balikci_xml;table1_values,jm4c00072_si_002.csv:line 16:column NUDT5 IC50;tbl1/fx2:compound 15:NUDT5;tbl1/t1fn1;tbl1/t1fn2,
15,NC1=C2C(N(C3CCN(C)CC3)N=C2C4CCN(C(C=C)=O)CC4)=NC=N1,C=CC(=O)N1CCC(c2nn(C3CCN(C)CC3)c3ncnc(N)c23)CC1,NUDT14,IC50,purified_enzyme_catalytic_inhibition,uM,right_censored,>,,,50.0,True,not active,not active,NA,Balikci2024_NUDT14_catalytic,reported endpoint protocol,No numeric mean or SD reported,,False,False,balikci_csv;balikci_xml;table1_values,jm4c00072_si_002.csv:line 16:column NUDT14 IC50;tbl1/fx2:compound 15:NUDT14;tbl1/t1fn1;tbl1/t1fn2,
16,NC1=C2C(NN=C2Br)=NC=N1,Nc1ncnc2[nH]nc(Br)c12,NUDT5,IC50,purified_enzyme_catalytic_inhibition,uM,untested,,,,,,not tested,not tested,,Balikci2024_NUDT5_catalytic,context only; no IC50 observation supplied,No numeric mean or SD reported,,False,False,balikci_csv;balikci_xml,jm4c00072_si_002.csv:line 17:column NUDT5 IC50,
16,NC1=C2C(NN=C2Br)=NC=N1,Nc1ncnc2[nH]nc(Br)c12,NUDT14,IC50,purified_enzyme_catalytic_inhibition,uM,untested,,,,,,not tested,not tested,,Balikci2024_NUDT14_catalytic,context only; no IC50 observation supplied,No numeric mean or SD reported,,False,False,balikci_csv;balikci_xml,jm4c00072_si_002.csv:line 17:column NUDT14 IC50,
17a,NC1=C2C(N(C3CCN(C)CC3)N=C2Br)=NC=N1,CN1CCC(n2nc(Br)c3c(N)ncnc32)CC1,NUDT5,IC50,purified_enzyme_catalytic_inhibition,uM,untested,,,,,,not tested,not tested,,Balikci2024_NUDT5_catalytic,context only; no IC50 observation supplied,No numeric mean or SD reported,,False,False,balikci_csv;balikci_xml,jm4c00072_si_002.csv:line 18:column NUDT5 IC50,
17a,NC1=C2C(N(C3CCN(C)CC3)N=C2Br)=NC=N1,CN1CCC(n2nc(Br)c3c(N)ncnc32)CC1,NUDT14,IC50,purified_enzyme_catalytic_inhibition,uM,untested,,,,,,not tested,not tested,,Balikci2024_NUDT14_catalytic,context only; no IC50 observation supplied,No numeric mean or SD reported,,False,False,balikci_csv;balikci_xml,jm4c00072_si_002.csv:line 18:column NUDT14 IC50,
17b,NC1=C2C(N(C)N=C2Br)=NC=N1,Cn1nc(Br)c2c(N)ncnc21,NUDT5,IC50,purified_enzyme_catalytic_inhibition,uM,untested,,,,,,not tested,not tested,,Balikci2024_NUDT5_catalytic,context only; no IC50 observation supplied,No numeric mean or SD reported,,False,False,balikci_csv;balikci_xml,jm4c00072_si_002.csv:line 19:column NUDT5 IC50,
17b,NC1=C2C(N(C)N=C2Br)=NC=N1,Cn1nc(Br)c2c(N)ncnc21,NUDT14,IC50,purified_enzyme_catalytic_inhibition,uM,untested,,,,,,not tested,not tested,,Balikci2024_NUDT14_catalytic,context only; no IC50 observation supplied,No numeric mean or SD reported,,False,False,balikci_csv;balikci_xml,jm4c00072_si_002.csv:line 19:column NUDT14 IC50,
18a,NC1=C2C(N(C3CCN(C)CC3)N=C2C(CC4)=CCN4C(OC(C)(C)C)=O)=NC=N1,CN1CCC(n2nc(C3=CCN(C(=O)OC(C)(C)C)CC3)c3c(N)ncnc32)CC1,NUDT5,IC50,purified_enzyme_catalytic_inhibition,uM,untested,,,,,,not tested,not tested,,Balikci2024_NUDT5_catalytic,context only; no IC50 observation supplied,No numeric mean or SD reported,,False,False,balikci_csv;balikci_xml,jm4c00072_si_002.csv:line 20:column NUDT5 IC50,
18a,NC1=C2C(N(C3CCN(C)CC3)N=C2C(CC4)=CCN4C(OC(C)(C)C)=O)=NC=N1,CN1CCC(n2nc(C3=CCN(C(=O)OC(C)(C)C)CC3)c3c(N)ncnc32)CC1,NUDT14,IC50,purified_enzyme_catalytic_inhibition,uM,untested,,,,,,not tested,not tested,,Balikci2024_NUDT14_catalytic,context only; no IC50 observation supplied,No numeric mean or SD reported,,False,False,balikci_csv;balikci_xml,jm4c00072_si_002.csv:line 20:column NUDT14 IC50,
18b,NC1=C2C(N(C3CCN(C)CC3)N=C2C(C4)=CCCN4C(OC(C)(C)C)=O)=NC=N1,CN1CCC(n2nc(C3=CCCN(C(=O)OC(C)(C)C)C3)c3c(N)ncnc32)CC1,NUDT5,IC50,purified_enzyme_catalytic_inhibition,uM,untested,,,,,,not tested,not tested,,Balikci2024_NUDT5_catalytic,context only; no IC50 observation supplied,No numeric mean or SD reported,,False,False,balikci_csv;balikci_xml,jm4c00072_si_002.csv:line 21:column NUDT5 IC50,
18b,NC1=C2C(N(C3CCN(C)CC3)N=C2C(C4)=CCCN4C(OC(C)(C)C)=O)=NC=N1,CN1CCC(n2nc(C3=CCCN(C(=O)OC(C)(C)C)C3)c3c(N)ncnc32)CC1,NUDT14,IC50,purified_enzyme_catalytic_inhibition,uM,untested,,,,,,not tested,not tested,,Balikci2024_NUDT14_catalytic,context only; no IC50 observation supplied,No numeric mean or SD reported,,False,False,balikci_csv;balikci_xml,jm4c00072_si_002.csv:line 21:column NUDT14 IC50,
18c,NC1=C2C(N(C3CCN(C)CC3)N=C2C4=CC=C(CNC(OC(C)(C)C)=O)C=C4)=NC=N1,CN1CCC(n2nc(-c3ccc(CNC(=O)OC(C)(C)C)cc3)c3c(N)ncnc32)CC1,NUDT5,IC50,purified_enzyme_catalytic_inhibition,uM,untested,,,,,,not tested,not tested,,Balikci2024_NUDT5_catalytic,context only; no IC50 observation supplied,No numeric mean or SD reported,,False,False,balikci_csv;balikci_xml,jm4c00072_si_002.csv:line 22:column NUDT5 IC50,
18c,NC1=C2C(N(C3CCN(C)CC3)N=C2C4=CC=C(CNC(OC(C)(C)C)=O)C=C4)=NC=N1,CN1CCC(n2nc(-c3ccc(CNC(=O)OC(C)(C)C)cc3)c3c(N)ncnc32)CC1,NUDT14,IC50,purified_enzyme_catalytic_inhibition,uM,untested,,,,,,not tested,not tested,,Balikci2024_NUDT14_catalytic,context only; no IC50 observation supplied,No numeric mean or SD reported,,False,False,balikci_csv;balikci_xml,jm4c00072_si_002.csv:line 22:column NUDT14 IC50,
19,NC1=C2C(N(C3CCN(C)CC3)N=C2C4CCN(CC4)C(OC(C)(C)C)=O)=NC=N1,CN1CCC(n2nc(C3CCN(C(=O)OC(C)(C)C)CC3)c3c(N)ncnc32)CC1,NUDT5,IC50,purified_enzyme_catalytic_inhibition,uM,untested,,,,,,not tested,not tested,,Balikci2024_NUDT5_catalytic,context only; no IC50 observation supplied,No numeric mean or SD reported,,False,False,balikci_csv;balikci_xml,jm4c00072_si_002.csv:line 23:column NUDT5 IC50,
19,NC1=C2C(N(C3CCN(C)CC3)N=C2C4CCN(CC4)C(OC(C)(C)C)=O)=NC=N1,CN1CCC(n2nc(C3CCN(C(=O)OC(C)(C)C)CC3)c3c(N)ncnc32)CC1,NUDT14,IC50,purified_enzyme_catalytic_inhibition,uM,untested,,,,,,not tested,not tested,,Balikci2024_NUDT14_catalytic,context only; no IC50 observation supplied,No numeric mean or SD reported,,False,False,balikci_csv;balikci_xml,jm4c00072_si_002.csv:line 23:column NUDT14 IC50,
N-Boc-protected 7,CN1C(N(C)C(C2=C1N=C(N3CCN(CCCCNC(OC(C)(C)C)=O)CC3)N2CC4=NN=C(O4)C5=CC=C(Cl)C(Cl)=C5)=O)=O,Cn1c(=O)c2c(nc(N3CCN(CCCCNC(=O)OC(C)(C)C)CC3)n2Cc2nnc(-c3ccc(Cl)c(Cl)c3)o2)n(C)c1=O,NUDT5,IC50,purified_enzyme_catalytic_inhibition,uM,untested,,,,,,not tested,not tested,,Balikci2024_NUDT5_catalytic,context only; no IC50 observation supplied,No numeric mean or SD reported,,False,False,balikci_csv;balikci_xml,jm4c00072_si_002.csv:line 24:column NUDT5 IC50,
N-Boc-protected 7,CN1C(N(C)C(C2=C1N=C(N3CCN(CCCCNC(OC(C)(C)C)=O)CC3)N2CC4=NN=C(O4)C5=CC=C(Cl)C(Cl)=C5)=O)=O,Cn1c(=O)c2c(nc(N3CCN(CCCCNC(=O)OC(C)(C)C)CC3)n2Cc2nnc(-c3ccc(Cl)c(Cl)c3)o2)n(C)c1=O,NUDT14,IC50,purified_enzyme_catalytic_inhibition,uM,untested,,,,,,not tested,not tested,,Balikci2024_NUDT14_catalytic,context only; no IC50 observation supplied,No numeric mean or SD reported,,False,False,balikci_csv;balikci_xml,jm4c00072_si_002.csv:line 24:column NUDT14 IC50,
