design,method,auc,average_precision,balanced_accuracy_at_0_5,brier,f1_at_0_5,mcc_at_0_5,n,npv_at_0_5,pr_auc_trapezoid,precision_at_0_5,prevalence,sensitivity_at_0_5,specificity_at_0_5
full_valid_set,Constant_0_5,0.5,0.4222222222222222,0.5,0.25,0.59375,0.0,45,,0.7111111111111111,0.4222222222222222,0.4222222222222222,1.0,0.0
full_valid_set,Equal_mean,0.9311740890688259,0.9512142425028085,0.9473684210526316,0.05407498033966117,0.9444444444444444,0.9114971572468962,45,0.9285714285714286,0.9505062593405293,1.0,0.4222222222222222,0.8947368421052632,1.0
full_valid_set,Fingerprint_LR,0.917004048582996,0.9450603252316836,0.9473684210526316,0.04603516675109907,0.9444444444444444,0.9114971572468962,45,0.9285714285714286,0.9443346738940372,1.0,0.4222222222222222,0.8947368421052632,1.0
full_valid_set,GBT,0.8431174089068826,0.7749109616145627,0.9089068825910931,0.08888616004074092,0.8947368421052632,0.8178137651821862,45,0.9230769230769231,0.74769903841926,0.8947368421052632,0.4222222222222222,0.8947368421052632,0.9230769230769231
full_valid_set,Mean_without_GBT,0.9311740890688259,0.9512142425028085,0.9473684210526316,0.05146290866637115,0.9444444444444444,0.9114971572468962,45,0.9285714285714286,0.9505062593405293,1.0,0.4222222222222222,0.8947368421052632,1.0
full_valid_set,Mean_without_Nearest_active,0.9473684210526315,0.9589473684210523,0.9281376518218624,0.05421993747621498,0.918918918918919,0.8632940710855079,45,0.9259259259259259,0.9582847321005212,0.9444444444444444,0.4222222222222222,0.8947368421052632,0.9615384615384616
full_valid_set,Mean_without_RF,0.923076923076923,0.9472544998860786,0.9281376518218624,0.05619759121988898,0.918918918918919,0.8632940710855079,45,0.9259259259259259,0.9465292075810365,0.9444444444444444,0.4222222222222222,0.8947368421052632,0.9615384615384616
full_valid_set,Mean_without_SVM_RBF,0.9271255060728745,0.9495716034271724,0.9281376518218624,0.05852637784974782,0.918918918918919,0.8632940710855079,45,0.9259259259259259,0.9488589155326164,0.9444444444444444,0.4222222222222222,0.8947368421052632,0.9615384615384616
full_valid_set,Nearest_active,0.9129554655870445,0.943597207979093,0.9473684210526316,0.06784821186960696,0.9444444444444444,0.9114971572468962,45,0.9285714285714286,0.9428721211156951,1.0,0.4222222222222222,0.8947368421052632,1.0
full_valid_set,Property_LR,0.979757085020243,0.9775934401220441,0.9473684210526316,0.043643098262856325,0.9444444444444444,0.9114971572468962,45,0.9285714285714286,0.9770950350183758,1.0,0.4222222222222222,0.8947368421052632,1.0
full_valid_set,RF,0.9412955465587044,0.9548245614035087,0.9473684210526316,0.051331111111111105,0.9444444444444444,0.9114971572468962,45,0.9285714285714286,0.9551408125577099,1.0,0.4222222222222222,0.8947368421052632,1.0
full_valid_set,SVM_RBF,0.9595141700404859,0.963881578947368,0.9473684210526316,0.045196483019389964,0.9444444444444444,0.9114971572468962,45,0.9285714285714286,0.9632296972269381,1.0,0.4222222222222222,0.8947368421052632,1.0
full_valid_set,Tanimoto_kNN,0.9331983805668017,0.9391812865497076,0.9281376518218624,0.06577777777777778,0.918918918918919,0.8632940710855079,45,0.9259259259259259,0.9542397660818713,0.9444444444444444,0.4222222222222222,0.8947368421052632,0.9615384615384616
full_valid_set,Train_prevalence,0.24595141700404857,0.33904458114984437,0.5,0.29304752307896736,0.0,0.0,45,0.5777777777777777,0.30901875901875897,,0.4222222222222222,0.0,1.0
nearest_property_subset,Constant_0_5,0.5,0.5,0.5,0.25,0.6666666666666666,0.0,38,,0.75,0.5,0.5,1.0,0.0
nearest_property_subset,Equal_mean,0.92797783933518,0.9566188197767143,0.9210526315789473,0.06336684215087938,0.918918918918919,0.8432740427115678,38,0.9,0.9559069597976129,0.9444444444444444,0.5,0.8947368421052632,0.9473684210526315
nearest_property_subset,Fingerprint_LR,0.9196675900277008,0.9540935672514617,0.9473684210526316,0.05692577693436653,0.9444444444444444,0.8997354108424374,38,0.9047619047619048,0.9533755365425054,1.0,0.5,0.8947368421052632,1.0
nearest_property_subset,GBT,0.8490304709141274,0.8179032462477143,0.8947368421052632,0.10525870309965608,0.8947368421052632,0.7894736842105263,38,0.8947368421052632,0.7965297638780413,0.8947368421052632,0.5,0.8947368421052632,0.8947368421052632
nearest_property_subset,Mean_without_GBT,0.92797783933518,0.9566188197767143,0.9473684210526316,0.05965480788974348,0.9444444444444444,0.8997354108424374,38,0.9047619047619048,0.9559069597976129,1.0,0.5,0.8947368421052632,1.0
nearest_property_subset,Mean_without_Nearest_active,0.925207756232687,0.9556001440551523,0.9210526315789473,0.06461493571254655,0.918918918918919,0.8432740427115678,38,0.9,0.9548834053609092,0.9444444444444444,0.5,0.8947368421052632,0.9473684210526315
nearest_property_subset,Mean_without_RF,0.9362880886426592,0.9605858537747081,0.9210526315789473,0.06561130855230432,0.918918918918919,0.8432740427115678,38,0.9,0.9599101517677366,0.9444444444444444,0.5,0.8947368421052632,0.9473684210526315
nearest_property_subset,Mean_without_SVM_RBF,0.9168975069252077,0.9529135338345862,0.9210526315789473,0.06812788256799651,0.918918918918919,0.8432740427115678,38,0.9,0.9521883159036106,0.9444444444444444,0.5,0.8947368421052632,0.9473684210526315
nearest_property_subset,Nearest_active,0.92797783933518,0.9582011160958529,0.9473684210526316,0.07521826014396722,0.9444444444444444,0.8997354108424374,38,0.9047619047619048,0.9575216106795055,1.0,0.5,0.8947368421052632,1.0
nearest_property_subset,Property_LR,0.9944598337950139,0.9945983379501382,0.9473684210526316,0.042514270116559096,0.9444444444444444,0.8997354108424374,38,0.9047619047619048,0.994452139119729,1.0,0.5,0.8947368421052632,1.0
nearest_property_subset,RF,0.9182825484764542,0.9520164046479836,0.9473684210526316,0.05998157894736842,0.9444444444444444,0.8997354108424374,38,0.9047619047619048,0.9526429710640236,1.0,0.5,0.8947368421052632,1.0
nearest_property_subset,SVM_RBF,0.9556786703601108,0.9683458646616538,0.9473684210526316,0.05388292148418535,0.9444444444444444,0.8997354108424374,38,0.9047619047619048,0.9677255639097742,1.0,0.5,0.8947368421052632,1.0
nearest_property_subset,Tanimoto_kNN,0.9265927977839334,0.9092397660818714,0.8947368421052632,0.09473684210526316,0.8947368421052632,0.7894736842105263,38,0.8947368421052632,0.9433040935672514,0.8947368421052632,0.5,0.8947368421052632,0.8947368421052632
nearest_property_subset,Train_prevalence,0.2548476454293629,0.402637067457012,0.3157894736842105,0.28395138875848236,0.3157894736842105,-0.3684210526315789,38,0.3157894736842105,0.37549315873415595,0.3157894736842105,0.5,0.3157894736842105,0.3157894736842105
similarity_component_split,Constant_0_5,0.5,0.4222222222222222,0.5,0.25,0.59375,0.0,45,,0.7111111111111111,0.4222222222222222,0.4222222222222222,1.0,0.0
similarity_component_split,Equal_mean,0.9817813765182186,0.9695861940912451,0.763157894736842,0.11605112482540964,0.6896551724137931,0.6252818913170464,45,0.7428571428571429,0.9685096390673218,1.0,0.4222222222222222,0.5263157894736842,1.0
similarity_component_split,Fingerprint_LR,1.0,0.9999999999999998,0.7368421052631579,0.126582257816296,0.6428571428571429,0.5848976518656018,45,0.7222222222222222,0.9999999999999998,1.0,0.4222222222222222,0.47368421052631576,1.0
similarity_component_split,GBT,0.9321862348178137,0.8611509835194044,0.7439271255060729,0.19578065717413012,0.6666666666666666,0.5606834887730268,45,0.7352941176470589,0.7994530592522282,0.9090909090909091,0.4222222222222222,0.5263157894736842,0.9615384615384616
similarity_component_split,Mean_without_GBT,1.0,0.9999999999999998,0.7368421052631579,0.10725717983333333,0.6428571428571429,0.5848976518656018,45,0.7222222222222222,0.9999999999999998,1.0,0.4222222222222222,0.47368421052631576,1.0
similarity_component_split,Mean_without_Nearest_active,0.9817813765182186,0.9695861940912451,0.763157894736842,0.12310724396933978,0.6896551724137931,0.6252818913170464,45,0.7428571428571429,0.9685096390673218,1.0,0.4222222222222222,0.5263157894736842,1.0
similarity_component_split,Mean_without_RF,0.9817813765182186,0.9695861940912451,0.763157894736842,0.11012166631522109,0.6896551724137931,0.6252818913170464,45,0.7428571428571429,0.9685096390673218,1.0,0.4222222222222222,0.5263157894736842,1.0
similarity_component_split,Mean_without_SVM_RBF,0.9817813765182186,0.9697796925432576,0.763157894736842,0.13153443105504364,0.6896551724137931,0.6252818913170464,45,0.7428571428571429,0.968496739170521,1.0,0.4222222222222222,0.5263157894736842,1.0
similarity_component_split,Nearest_active,1.0,1.0,0.763157894736842,0.10928923836458873,0.6896551724137931,0.6252818913170464,45,0.7428571428571429,1.0,1.0,0.4222222222222222,0.5263157894736842,1.0
similarity_component_split,Property_LR,1.0,0.9999999999999998,0.9473684210526316,0.02266744148557576,0.9444444444444444,0.9114971572468962,45,0.9285714285714286,0.9999999999999998,1.0,0.4222222222222222,0.8947368421052632,1.0
similarity_component_split,RF,1.0,1.0,0.5526315789473684,0.1516622222222222,0.19047619047619047,0.2522845433633885,45,0.6046511627906976,1.0,1.0,0.4222222222222222,0.10526315789473684,1.0
similarity_component_split,SVM_RBF,1.0,0.9999999999999998,0.8157894736842105,0.07781657838239052,0.7741935483870968,0.7054131098174972,45,0.7878787878787878,0.9999999999999998,1.0,0.4222222222222222,0.631578947368421,1.0
similarity_component_split,Tanimoto_kNN,0.7935222672064777,0.6903369534948482,0.48785425101214575,0.27022222222222225,0.09090909090909091,-0.04809860702438818,45,0.5714285714285714,0.5694792536897799,0.3333333333333333,0.4222222222222222,0.05263157894736842,0.9230769230769231
similarity_component_split,Train_prevalence,0.1568825910931174,0.3752923976608187,0.5,0.3959394860837167,0.0,0.0,45,0.5777777777777777,0.24027777777777778,,0.4222222222222222,0.0,1.0
measured_source_below_1.0_uM,Equal_mean,1.0,1.0,0.875,0.11381208513232846,0.6666666666666666,0.6123724356957946,10,1.0,1.0,0.5,0.2,1.0,0.75
measured_source_below_1.0_uM,GBT,0.9375,0.6666666666666666,0.875,0.20911545598694298,0.6666666666666666,0.6123724356957946,10,1.0,0.8333333333333333,0.5,0.2,1.0,0.75
measured_source_below_1.0_uM,Nearest_active,1.0,1.0,0.75,0.10490792492362064,0.6666666666666666,0.6666666666666666,10,0.8888888888888888,1.0,1.0,0.2,0.5,1.0
measured_source_below_1.0_uM,Property_LR,0.5625,0.29166666666666663,0.5,0.5549741863151112,0.3333333333333333,0.0,10,,0.19583333333333333,0.2,0.2,1.0,0.0
measured_source_below_1.0_uM,RF,1.0,1.0,0.9375,0.11111,0.8,0.7637626158259734,10,1.0,1.0,0.6666666666666666,0.2,1.0,0.875
measured_source_below_1.0_uM,SVM_RBF,1.0,1.0,0.9375,0.11707927629777695,0.8,0.7637626158259734,10,1.0,1.0,0.6666666666666666,0.2,1.0,0.875
measured_source_below_10.0_uM,Equal_mean,1.0,1.0,0.875,0.11381208513232846,0.6666666666666666,0.6123724356957946,10,1.0,1.0,0.5,0.2,1.0,0.75
measured_source_below_10.0_uM,GBT,0.9375,0.6666666666666666,0.875,0.20911545598694298,0.6666666666666666,0.6123724356957946,10,1.0,0.8333333333333333,0.5,0.2,1.0,0.75
measured_source_below_10.0_uM,Nearest_active,1.0,1.0,0.75,0.10490792492362064,0.6666666666666666,0.6666666666666666,10,0.8888888888888888,1.0,1.0,0.2,0.5,1.0
measured_source_below_10.0_uM,Property_LR,0.5625,0.29166666666666663,0.5,0.5549741863151112,0.3333333333333333,0.0,10,,0.19583333333333333,0.2,0.2,1.0,0.0
measured_source_below_10.0_uM,RF,1.0,1.0,0.9375,0.11111,0.8,0.7637626158259734,10,1.0,1.0,0.6666666666666666,0.2,1.0,0.875
measured_source_below_10.0_uM,SVM_RBF,1.0,1.0,0.9375,0.11707927629777695,0.8,0.7637626158259734,10,1.0,1.0,0.6666666666666666,0.2,1.0,0.875
measured_source_below_50.0_uM,Equal_mean,1.0,1.0,0.9,0.11704632168352816,0.8888888888888888,0.816496580927726,10,0.8333333333333334,1.0,1.0,0.5,0.8,1.0
measured_source_below_50.0_uM,GBT,0.9400000000000001,0.925,0.9,0.07877141002129948,0.8888888888888888,0.816496580927726,10,0.8333333333333334,0.9625,1.0,0.5,0.8,1.0
measured_source_below_50.0_uM,Nearest_active,1.0,1.0,0.6,0.1838469810365898,0.3333333333333333,0.3333333333333333,10,0.5555555555555556,1.0,1.0,0.5,0.2,1.0
measured_source_below_50.0_uM,Property_LR,0.8,0.7100000000000001,0.5,0.2800502981472858,0.6666666666666666,0.0,10,,0.6266666666666666,0.5,0.5,1.0,0.0
measured_source_below_50.0_uM,RF,1.0,1.0,0.8,0.16511,0.75,0.6546536707079772,10,0.7142857142857143,1.0,1.0,0.5,0.6,1.0
measured_source_below_50.0_uM,SVM_RBF,1.0,1.0,0.8,0.1274212123552501,0.75,0.6546536707079772,10,0.7142857142857143,1.0,1.0,0.5,0.6,1.0
authenticated_reference_molecule,Equal_mean,0.9979757085020243,0.9973684210526312,0.9736842105263157,0.022808144994372562,0.972972972972973,0.9551338658818386,45,0.9629629629629629,0.997299168975069,1.0,0.4222222222222222,0.9473684210526315,1.0
authenticated_reference_molecule,GBT,0.930161943319838,0.8818532399109228,0.9544534412955465,0.04461170465957662,0.9473684210526315,0.9089068825910931,45,0.9615384615384616,0.8479260425315092,0.9473684210526315,0.4222222222222222,0.9473684210526315,0.9615384615384616
authenticated_reference_molecule,Nearest_active,1.0,0.9999999999999999,1.0,0.04573201955345475,1.0,1.0,45,1.0,0.9999999999999999,1.0,0.4222222222222222,1.0,1.0
authenticated_reference_molecule,Property_LR,0.9939271255060729,0.9928229665071768,0.9473684210526316,0.03186450009474509,0.9444444444444444,0.9114971572468962,45,0.9285714285714286,0.9926520847573477,1.0,0.4222222222222222,0.8947368421052632,1.0
authenticated_reference_molecule,RF,1.0,1.0,0.9473684210526316,0.0255111111111111,0.9444444444444444,0.9114971572468962,45,0.9285714285714286,1.0,1.0,0.4222222222222222,0.8947368421052632,1.0
authenticated_reference_molecule,SVM_RBF,1.0,0.9999999999999998,1.0,0.01434944704767387,1.0,1.0,45,1.0,0.9999999999999998,1.0,0.4222222222222222,1.0,1.0
authenticated_reference_scaffold,Equal_mean,0.9311740890688259,0.9512142425028085,0.9281376518218624,0.05654389520142738,0.918918918918919,0.8632940710855079,45,0.9259259259259259,0.9505062593405293,0.9444444444444444,0.4222222222222222,0.8947368421052632,0.9615384615384616
authenticated_reference_scaffold,GBT,0.8461538461538463,0.7988875698016973,0.9089068825910931,0.08888567640788024,0.8947368421052632,0.8178137651821862,45,0.9230769230769231,0.7890106507835037,0.8947368421052632,0.4222222222222222,0.8947368421052632,0.9230769230769231
authenticated_reference_scaffold,Nearest_active,0.9149797570850202,0.9443084455324358,0.9473684210526316,0.07485690390340034,0.9444444444444444,0.9114971572468962,45,0.9285714285714286,0.9435827941947893,1.0,0.4222222222222222,0.8947368421052632,1.0
authenticated_reference_scaffold,Property_LR,0.979757085020243,0.9775934401220441,0.9473684210526316,0.046619298863656566,0.9444444444444444,0.9114971572468962,45,0.9285714285714286,0.9770950350183756,1.0,0.4222222222222222,0.8947368421052632,1.0
authenticated_reference_scaffold,RF,0.9240890688259109,0.9456671982987772,0.9473684210526316,0.05276666666666666,0.9444444444444444,0.9114971572468962,45,0.9285714285714286,0.9480494164704691,1.0,0.4222222222222222,0.8947368421052632,1.0
authenticated_reference_scaffold,SVM_RBF,0.9696356275303644,0.9696686159844052,0.9473684210526316,0.0489227974240804,0.9444444444444444,0.9114971572468962,45,0.9285714285714286,0.9690617034038085,1.0,0.4222222222222222,0.8947368421052632,1.0
authenticated_reference_series,Equal_mean,0.5850202429149798,0.4445620260460841,0.5,0.3766756993571798,0.0,0.0,45,0.5777777777777777,0.42135596148859966,,0.4222222222222222,0.0,1.0
authenticated_reference_series,GBT,0.28947368421052627,0.39751461988304093,0.5,0.4222136207233737,0.0,0.0,45,0.5777777777777777,0.2612573099415205,,0.4222222222222222,0.0,1.0
authenticated_reference_series,Nearest_active,0.3502024291497976,0.3539764199644194,0.5,0.3387628657014358,0.0,0.0,45,0.5777777777777777,0.320821127386281,,0.4222222222222222,0.0,1.0
authenticated_reference_series,Property_LR,0.9959514170040487,0.9945983379501382,0.9473684210526316,0.03271829860930353,0.9444444444444444,0.9114971572468962,45,0.9285714285714286,0.994452139119729,1.0,0.4222222222222222,0.8947368421052632,1.0
authenticated_reference_series,RF,0.6417004048582996,0.5149473145228664,0.5,0.3870711111111111,0.0,0.0,45,0.5777777777777777,0.4374154472202011,,0.4222222222222222,0.0,1.0
authenticated_reference_series,SVM_RBF,0.7449392712550608,0.5879467377390211,0.5,0.36870870510935966,0.0,0.0,45,0.5777777777777777,0.5702800368649108,,0.4222222222222222,0.0,1.0
authenticated_reference_source_below_1.0_uM,Equal_mean,1.0,1.0,0.875,0.1400814923275927,0.6666666666666666,0.6123724356957946,10,1.0,1.0,0.5,0.2,1.0,0.75
authenticated_reference_source_below_1.0_uM,GBT,0.9375,0.6666666666666666,0.875,0.26996718398110325,0.6666666666666666,0.6123724356957946,10,1.0,0.8333333333333333,0.5,0.2,1.0,0.75
authenticated_reference_source_below_1.0_uM,Nearest_active,1.0,1.0,0.75,0.10490792492362064,0.6666666666666666,0.6666666666666666,10,0.8888888888888888,1.0,1.0,0.2,0.5,1.0
authenticated_reference_source_below_1.0_uM,Property_LR,0.5625,0.29166666666666663,0.5,0.5761449408608845,0.3333333333333333,0.0,10,,0.19583333333333333,0.2,0.2,1.0,0.0
authenticated_reference_source_below_1.0_uM,RF,0.96875,0.8333333333333333,0.9375,0.11942000000000001,0.8,0.7637626158259734,10,1.0,0.9166666666666666,0.6666666666666666,0.2,1.0,0.875
authenticated_reference_source_below_1.0_uM,SVM_RBF,1.0,1.0,0.9375,0.14536402745464458,0.8,0.7637626158259734,10,1.0,1.0,0.6666666666666666,0.2,1.0,0.875
authenticated_reference_source_below_10.0_uM,Equal_mean,1.0,1.0,0.875,0.1400814923275927,0.6666666666666666,0.6123724356957946,10,1.0,1.0,0.5,0.2,1.0,0.75
authenticated_reference_source_below_10.0_uM,GBT,0.9375,0.6666666666666666,0.875,0.26996718398110325,0.6666666666666666,0.6123724356957946,10,1.0,0.8333333333333333,0.5,0.2,1.0,0.75
authenticated_reference_source_below_10.0_uM,Nearest_active,1.0,1.0,0.75,0.10490792492362064,0.6666666666666666,0.6666666666666666,10,0.8888888888888888,1.0,1.0,0.2,0.5,1.0
authenticated_reference_source_below_10.0_uM,Property_LR,0.5625,0.29166666666666663,0.5,0.5761449408608845,0.3333333333333333,0.0,10,,0.19583333333333333,0.2,0.2,1.0,0.0
authenticated_reference_source_below_10.0_uM,RF,0.96875,0.8333333333333333,0.9375,0.11942000000000001,0.8,0.7637626158259734,10,1.0,0.9166666666666666,0.6666666666666666,0.2,1.0,0.875
authenticated_reference_source_below_10.0_uM,SVM_RBF,1.0,1.0,0.9375,0.14536402745464458,0.8,0.7637626158259734,10,1.0,1.0,0.6666666666666666,0.2,1.0,0.875
authenticated_reference_source_below_50.0_uM,Equal_mean,1.0,1.0,0.9,0.11606659144749298,0.8888888888888888,0.816496580927726,10,0.8333333333333334,1.0,1.0,0.5,0.8,1.0
authenticated_reference_source_below_50.0_uM,GBT,0.9400000000000001,0.925,0.9,0.08657596083066878,0.8888888888888888,0.816496580927726,10,0.8333333333333334,0.9625,1.0,0.5,0.8,1.0
authenticated_reference_source_below_50.0_uM,Nearest_active,1.0,1.0,0.6,0.1838469810365898,0.3333333333333333,0.3333333333333333,10,0.5555555555555556,1.0,1.0,0.5,0.2,1.0
authenticated_reference_source_below_50.0_uM,Property_LR,0.8,0.7100000000000001,0.5,0.29854171454681533,0.6666666666666666,0.0,10,,0.6266666666666666,0.5,0.5,1.0,0.0
authenticated_reference_source_below_50.0_uM,RF,1.0,1.0,0.8,0.15142,0.75,0.6546536707079772,10,0.7142857142857143,1.0,1.0,0.5,0.6,1.0
authenticated_reference_source_below_50.0_uM,SVM_RBF,1.0,1.0,0.8,0.1217565909717111,0.75,0.6546536707079772,10,0.7142857142857143,1.0,1.0,0.5,0.6,1.0
ablation_full_valid_set,clogp_only_lr,0.7894736842105264,0.7859917826845932,0.6933198380566802,0.17852778310743386,0.6285714285714286,0.39894304898211497,45,0.7241379310344828,0.7794889586775626,0.6875,0.4222222222222222,0.5789473684210527,0.8076923076923077
ablation_full_valid_set,ecfp4_plus_properties_rf,0.9281376518218624,0.9466936572199731,0.9473684210526316,0.04990888888888889,0.9444444444444444,0.9114971572468962,45,0.9285714285714286,0.947853407557355,1.0,0.4222222222222222,0.8947368421052632,1.0
ablation_full_valid_set,ecfp4_rf,0.9412955465587044,0.9548245614035087,0.9473684210526316,0.051331111111111105,0.9444444444444444,0.9114971572468962,45,0.9285714285714286,0.9551408125577099,1.0,0.4222222222222222,0.8947368421052632,1.0
ablation_full_valid_set,fsp3_only_lr,0.7510121457489879,0.6341916400729994,0.6143724696356275,0.2088520211400322,0.5,0.2492690185324373,45,0.65625,0.5867658174601963,0.6153846153846154,0.4222222222222222,0.42105263157894735,0.8076923076923077
ablation_full_valid_set,hba_only_lr,0.9959514170040485,0.9947368421052631,0.9473684210526316,0.04250812972901126,0.9444444444444444,0.9114971572468962,45,0.9285714285714286,0.9944444444444445,1.0,0.4222222222222222,0.8947368421052632,1.0
ablation_full_valid_set,hbd_only_lr,0.7176113360323887,0.6317692057453757,0.5091093117408907,0.22849487195206958,0.2857142857142857,0.02249606353329238,45,0.5833333333333334,0.5848848136923177,0.4444444444444444,0.4222222222222222,0.21052631578947367,0.8076923076923077
ablation_full_valid_set,mw_only_lr,0.9878542510121457,0.9862650046168049,0.9473684210526316,0.043865430612447374,0.9444444444444444,0.9114971572468962,45,0.9285714285714286,0.9859496902056817,1.0,0.4222222222222222,0.8947368421052632,1.0
ablation_full_valid_set,nrb_only_lr,0.8704453441295547,0.7803882405682958,0.8633603238866396,0.14773577403823382,0.8421052631578947,0.7267206477732794,45,0.8846153846153846,0.7696030885089056,0.8421052631578947,0.4222222222222222,0.8421052631578947,0.8846153846153846
ablation_full_valid_set,properties_lr,0.979757085020243,0.9775934401220441,0.9473684210526316,0.043643098262856325,0.9444444444444444,0.9114971572468962,45,0.9285714285714286,0.9770950350183758,1.0,0.4222222222222222,0.8947368421052632,1.0
ablation_full_valid_set,tpsa_only_lr,0.9959514170040487,0.9945983379501382,0.9281376518218624,0.04163770258394522,0.918918918918919,0.8632940710855079,45,0.9259259259259259,0.994452139119729,0.9444444444444444,0.4222222222222222,0.8947368421052632,0.9615384615384616
ablation_full_valid_set,without_clogp_lr,0.9838056680161944,0.9812773039317659,0.9473684210526316,0.03958380011273057,0.9444444444444444,0.9114971572468962,45,0.9285714285714286,0.9808414316423468,1.0,0.4222222222222222,0.8947368421052632,1.0
ablation_full_valid_set,without_fsp3_lr,0.9838056680161944,0.9812773039317659,0.9473684210526316,0.04005794466323424,0.9444444444444444,0.9114971572468962,45,0.9285714285714286,0.9808414316423468,1.0,0.4222222222222222,0.8947368421052632,1.0
ablation_full_valid_set,without_hba_lr,0.9676113360323887,0.9682111261058628,0.9473684210526316,0.05119069805649219,0.9444444444444444,0.9114971572468962,45,0.9285714285714286,0.9675873444294494,1.0,0.4222222222222222,0.8947368421052632,1.0
ablation_full_valid_set,without_hbd_lr,0.9838056680161944,0.9812773039317659,0.9473684210526316,0.041215997618310636,0.9444444444444444,0.9114971572468962,45,0.9285714285714286,0.9808414316423468,1.0,0.4222222222222222,0.8947368421052632,1.0
ablation_full_valid_set,without_mw_lr,0.979757085020243,0.9775934401220441,0.9473684210526316,0.04914031921802136,0.9444444444444444,0.9114971572468962,45,0.9285714285714286,0.9770950350183758,1.0,0.4222222222222222,0.8947368421052632,1.0
ablation_full_valid_set,without_nrb_lr,0.9817813765182186,0.9794657097288675,0.9473684210526316,0.039505495037547,0.9444444444444444,0.9114971572468962,45,0.9285714285714286,0.9789994997374858,1.0,0.4222222222222222,0.8947368421052632,1.0
ablation_full_valid_set,without_tpsa_lr,0.979757085020243,0.9775934401220441,0.9473684210526316,0.05085308362389353,0.9444444444444444,0.9114971572468962,45,0.9285714285714286,0.9770950350183758,1.0,0.4222222222222222,0.8947368421052632,1.0
ablation_nearest_property_subset,clogp_only_lr,0.7229916897506926,0.7609579058594649,0.6052631578947368,0.20717913501963572,0.6153846153846154,0.21081851067789195,38,0.6111111111111112,0.7522284600968596,0.6,0.5,0.631578947368421,0.5789473684210527
ablation_nearest_property_subset,ecfp4_plus_properties_rf,0.9293628808864265,0.9563492063492064,0.9473684210526316,0.05724736842105262,0.9444444444444444,0.8997354108424374,38,0.9047619047619048,0.957103568945674,1.0,0.5,0.8947368421052632,1.0
ablation_nearest_property_subset,ecfp4_rf,0.9182825484764542,0.9520164046479836,0.9473684210526316,0.05998157894736842,0.9444444444444444,0.8997354108424374,38,0.9047619047619048,0.9526429710640236,1.0,0.5,0.8947368421052632,1.0
ablation_nearest_property_subset,fsp3_only_lr,0.7742382271468145,0.7298177290471004,0.8157894736842105,0.18663966514549504,0.8108108108108109,0.6324555320336758,38,0.8,0.6828604155796311,0.8333333333333334,0.5,0.7894736842105263,0.8421052631578947
ablation_nearest_property_subset,hba_only_lr,0.997229916897507,0.9947368421052629,0.9473684210526316,0.041367848667937746,0.9444444444444444,0.8997354108424374,38,0.9047619047619048,0.9973684210526315,1.0,0.5,0.8947368421052632,1.0
ablation_nearest_property_subset,hbd_only_lr,0.6814404432132963,0.678251265418448,0.736842105263158,0.21506952200505636,0.7222222222222222,0.4763305116224668,38,0.7142857142857143,0.64368171989689,0.7647058823529411,0.5,0.6842105263157895,0.7894736842105263
ablation_nearest_property_subset,mw_only_lr,1.0,0.9999999999999998,0.9473684210526316,0.040925320235131894,0.9444444444444444,0.8997354108424374,38,0.9047619047619048,0.9999999999999998,1.0,0.5,0.8947368421052632,1.0
ablation_nearest_property_subset,nrb_only_lr,0.8739612188365651,0.8275175117280378,0.868421052631579,0.1246325338501375,0.8648648648648649,0.7378647873726218,38,0.85,0.8088658417605785,0.8888888888888888,0.5,0.8421052631578947,0.8947368421052632
ablation_nearest_property_subset,properties_lr,0.9944598337950139,0.9945983379501382,0.9473684210526316,0.042514270116559096,0.9444444444444444,0.8997354108424374,38,0.9047619047619048,0.994452139119729,1.0,0.5,0.8947368421052632,1.0
ablation_nearest_property_subset,tpsa_only_lr,0.9944598337950138,0.9945983379501382,0.9210526315789473,0.03816583271393899,0.918918918918919,0.8432740427115678,38,0.9,0.994452139119729,0.9444444444444444,0.5,0.8947368421052632,0.9473684210526315
ablation_nearest_property_subset,without_clogp_lr,0.9944598337950139,0.9945983379501382,0.9473684210526316,0.037890283118301823,0.9444444444444444,0.8997354108424374,38,0.9047619047619048,0.994452139119729,1.0,0.5,0.8947368421052632,1.0
ablation_nearest_property_subset,without_fsp3_lr,0.9944598337950139,0.9945983379501382,0.9473684210526316,0.036974204831776804,0.9444444444444444,0.8997354108424374,38,0.9047619047619048,0.994452139119729,1.0,0.5,0.8947368421052632,1.0
ablation_nearest_property_subset,without_hba_lr,0.9833795013850415,0.9853041695146956,0.9473684210526316,0.05094479862954043,0.9444444444444444,0.8997354108424374,38,0.9047619047619048,0.9849453178400545,1.0,0.5,0.8947368421052632,1.0
ablation_nearest_property_subset,without_hbd_lr,0.9944598337950139,0.9945983379501382,0.9473684210526316,0.04128942878568318,0.9444444444444444,0.8997354108424374,38,0.9047619047619048,0.994452139119729,1.0,0.5,0.8947368421052632,1.0
ablation_nearest_property_subset,without_mw_lr,0.9861495844875345,0.98755980861244,0.9473684210526316,0.04695956344191807,0.9444444444444444,0.8997354108424374,38,0.9047619047619048,0.9872504227074861,1.0,0.5,0.8947368421052632,1.0
ablation_nearest_property_subset,without_nrb_lr,0.9944598337950139,0.9945983379501382,0.9473684210526316,0.0429364617820644,0.9444444444444444,0.8997354108424374,38,0.9047619047619048,0.994452139119729,1.0,0.5,0.8947368421052632,1.0
ablation_nearest_property_subset,without_tpsa_lr,0.9750692520775623,0.9794657097288675,0.9473684210526316,0.04695516471756839,0.9444444444444444,0.8997354108424374,38,0.9047619047619048,0.9789994997374858,1.0,0.5,0.8947368421052632,1.0
ablation_similarity_component_split,clogp_only_lr,0.09311740890688257,0.2752177739016489,0.38461538461538464,0.41249128893618675,0.0,-0.335299918733898,45,0.5128205128205128,0.2598374189344406,0.0,0.4222222222222222,0.0,0.7692307692307693
ablation_similarity_component_split,ecfp4_plus_properties_rf,1.0,1.0,0.7105263157894737,0.12368666666666667,0.5925925925925926,0.5439437674894452,45,0.7027027027027027,1.0,1.0,0.4222222222222222,0.42105263157894735,1.0
ablation_similarity_component_split,ecfp4_rf,1.0,1.0,0.5526315789473684,0.1516622222222222,0.19047619047619047,0.2522845433633885,45,0.6046511627906976,1.0,1.0,0.4222222222222222,0.10526315789473684,1.0
ablation_similarity_component_split,fsp3_only_lr,0.08097165991902833,0.303575408117004,0.4230769230769231,0.43623847538311067,0.0,-0.2670104100956312,45,0.5365853658536586,0.25286635093511156,0.0,0.4222222222222222,0.0,0.8461538461538461
ablation_similarity_component_split,hba_only_lr,0.9969635627530364,0.9945983379501386,0.9473684210526316,0.031757467173704174,0.9444444444444444,0.9114971572468962,45,0.9285714285714286,0.9959141274238228,1.0,0.4222222222222222,0.8947368421052632,1.0
ablation_similarity_component_split,hbd_only_lr,0.3714574898785425,0.40721635820320035,0.43016194331983804,0.3581554800502188,0.08,-0.2029446876547277,45,0.5384615384615384,0.31751795353769036,0.16666666666666666,0.4222222222222222,0.05263157894736842,0.8076923076923077
ablation_similarity_component_split,mw_only_lr,1.0,0.9999999999999999,0.9473684210526316,0.028629026936969795,0.9444444444444444,0.9114971572468962,45,0.9285714285714286,0.9999999999999999,1.0,0.4222222222222222,0.8947368421052632,1.0
ablation_similarity_component_split,nrb_only_lr,0.7580971659919028,0.6461056487372276,0.4423076923076923,0.27183095533158563,0.0,-0.22846838336584385,45,0.5476190476190477,0.5074826489300174,0.0,0.4222222222222222,0.0,0.8846153846153846
ablation_similarity_component_split,properties_lr,1.0,0.9999999999999998,0.9473684210526316,0.02266744148557576,0.9444444444444444,0.9114971572468962,45,0.9285714285714286,0.9999999999999998,1.0,0.4222222222222222,0.8947368421052632,1.0
ablation_similarity_component_split,tpsa_only_lr,0.9979757085020243,0.9973684210526315,0.9544534412955465,0.02890669493341776,0.9473684210526315,0.9089068825910931,45,0.9615384615384616,0.9972991689750692,0.9473684210526315,0.4222222222222222,0.9473684210526315,0.9615384615384616
ablation_similarity_component_split,without_clogp_lr,1.0,0.9999999999999998,0.9473684210526316,0.023046877306148992,0.9444444444444444,0.9114971572468962,45,0.9285714285714286,0.9999999999999998,1.0,0.4222222222222222,0.8947368421052632,1.0
ablation_similarity_component_split,without_fsp3_lr,1.0,0.9999999999999998,0.9473684210526316,0.02203503592684629,0.9444444444444444,0.9114971572468962,45,0.9285714285714286,0.9999999999999998,1.0,0.4222222222222222,0.8947368421052632,1.0
ablation_similarity_component_split,without_hba_lr,0.9959514170040487,0.9949874686716791,0.9473684210526316,0.02903764688428789,0.9444444444444444,0.9114971572468962,45,0.9285714285714286,0.9948621553884709,1.0,0.4222222222222222,0.8947368421052632,1.0
ablation_similarity_component_split,without_hbd_lr,1.0,0.9999999999999998,0.9473684210526316,0.020264457557020447,0.9444444444444444,0.9114971572468962,45,0.9285714285714286,0.9999999999999998,1.0,0.4222222222222222,0.8947368421052632,1.0
ablation_similarity_component_split,without_mw_lr,0.9979757085020243,0.9973684210526315,0.9473684210526316,0.027325410303946637,0.9444444444444444,0.9114971572468962,45,0.9285714285714286,0.997299168975069,1.0,0.4222222222222222,0.8947368421052632,1.0
ablation_similarity_component_split,without_nrb_lr,1.0,0.9999999999999998,0.9473684210526316,0.02106125572965866,0.9444444444444444,0.9114971572468962,45,0.9285714285714286,0.9999999999999998,1.0,0.4222222222222222,0.8947368421052632,1.0
ablation_similarity_component_split,without_tpsa_lr,0.9959514170040487,0.9945983379501382,0.9473684210526316,0.029844429865269643,0.9444444444444444,0.9114971572468962,45,0.9285714285714286,0.994452139119729,1.0,0.4222222222222222,0.8947368421052632,1.0
