id,canonical_smiles,inchikey,equal_mean_score_rank,training_dissimilarity_rank,experimental_role,max_training_tanimoto,max_active_tanimoto,Equal_mean,GBT,Nearest_active,Property_LR,RF,SVM_RBF
NC5-01,Cn1nc(Cn2c(N3CCNCC3)nc3c2c(=O)[nH]c(=O)n3C)nc1-c1ccc(F)cc1,UQNFKDRVLSGOOQ-UHFFFAOYSA-N,2,9,identity_and_assay_qualification_required,0.6617647058823529,0.6617647058823529,0.7129484264525016,0.8250354948751423,0.6617647058823529,0.9632379006350993,0.65,0.7149935050525109
NC5-07,O=c1[nH]c(Nc2ccc(F)cc2)nc2cnc(Cc3nnc(-c4ccc(Cl)cc4)o3)nc12,HWIVIWABHYATSG-UHFFFAOYSA-N,3,6,identity_and_assay_qualification_required,0.3218390804597701,0.3218390804597701,0.23759012394940993,0.007692884638385273,0.3218390804597701,0.9944422168245474,0.34,0.2808285306994842
NC5-04,Nc1ncnc2c1ncn2CC(=O)NS(=O)(=O)c1ccc(Cl)cc1,WJBIJWXLDVKUEJ-UHFFFAOYSA-N,4,3,identity_and_assay_qualification_required,0.2698412698412698,0.19718309859154928,0.1240305558735953,0.0034694458782842815,0.19718309859154928,0.9547305882023693,0.14,0.15546967902454756
NC5-02,Nc1ncnc2[nH]nc(-c3ccc(Oc4ccccc4)cc3)c12,YYVUOZULIDAKRN-UHFFFAOYSA-N,1,10,published_control_not_discovery,1.0,1.0,0.9224122759443929,0.9999749175346968,1.0,0.5954021434485256,0.71,0.9796741862428747
NC5-06,Nc1nc2ncc(CN3CCNCC3)nc2c(=O)[nH]1,GFRBWXZVMJTKGO-UHFFFAOYSA-N,5,1,identity_and_assay_qualification_required,0.23376623376623376,0.23376623376623376,0.12369612779841793,1.8635571160174434e-05,0.23376623376623376,0.6273825221151197,0.1,0.16099964185627783
NC5-08,O=C(Cn1c(=O)[nH]c2nc[nH]c(=O)c21)Nc1ccc(F)cc1,TVCOZRSCJABNFJ-UHFFFAOYSA-N,6,4,identity_and_assay_qualification_required,0.3050847457627119,0.2345679012345679,0.11042974716378129,5.11949112168418e-05,0.2345679012345679,0.5895004520465561,0.13,0.07709989250934046
NC5-03,O=S(=O)(c1ccc2[nH]c(-c3ccccn3)nc2c1)N1CCNCC1,KCOVOPJZXXMZET-UHFFFAOYSA-N,8,2,identity_and_assay_qualification_required,0.25862068965517243,0.20238095238095238,0.0917965611951178,1.8635571160174434e-05,0.20238095238095238,0.5970719023545903,0.08,0.08478665682835863
NC5-10,Nc1ccn2c(C(=O)Nc3cccc(S(N)(=O)=O)c3)cnc2n1,MNEQMNPTFJSXPL-UHFFFAOYSA-N,9,7,identity_and_assay_qualification_required,0.3333333333333333,0.14666666666666667,0.07470408863214,0.00011843020046845426,0.14666666666666667,0.9326723587560954,0.05,0.10203125766142486
NC5-09,O=C(/C=C/c1ccc(F)cc1)N1CCN(c2nc3ccccc3c(=O)[nH]2)CC1,USOAOVJNDLLFNY-JXMROGBWSA-N,7,5,identity_and_assay_qualification_required,0.3103448275862069,0.23255813953488372,0.09651721023669729,1.8635571160174434e-05,0.23255813953488372,0.38782475473820294,0.08,0.07349206584074527
NC5-05,O=C(NCc1cnc2ccccc2n1)c1c[nH]c2ccccc12,UMZLSZPQCBDETG-UHFFFAOYSA-N,10,8,identity_and_assay_qualification_required,0.3392857142857143,0.13043478260869565,0.04405200675124751,1.8635571160174434e-05,0.13043478260869565,0.2334834389499731,0.0,0.04575460882513421
