check_id,input_revision,current_source_sha256,historical_source_sha256,component,status,manuscript_presence,implementation_evidence,distinction,required_action,audit_provenance,consolidation_erratum,upstream_file_sha256,Baseline,Manuscript SHA256,Audit context
CL-01,40b9b0708d888a015abe5043bb273c3c6ee601ae,5ee7257be5a09c9862c2ead2f98416e1e8d1b2fa875624ca009df5cb95934bbb,11ef96824597f47daa1e6152caea8dc87cb3ebd6d78fd41be3baad14d31cca35,D-MPNN,DESCRIBED ONLY,"requested in audit prompt only, not described in inspected manuscript",No corresponding implementation exists in inspected original/current tracked source; source_file_inventory.json and function_index.json delimit search scope.,No corresponding implementation exists in inspected original/current code.,Must be absent as an implemented contribution in Path B. Do not accuse current/historical Methods of asserting this prompt-only component.,audit_provenance.json; commands_run.md,,f5ee5cbcb377816114f36a0a37ec2210b6ca8235e000500b6b104ce754b5ec30,40b9b0708d888a015abe5043bb273c3c6ee601ae,5ee7257be5a09c9862c2ead2f98416e1e8d1b2fa875624ca009df5cb95934bbb,input_manifest.json; commands_run.md; coverage_integrity_report.json
CL-02,40b9b0708d888a015abe5043bb273c3c6ee601ae,5ee7257be5a09c9862c2ead2f98416e1e8d1b2fa875624ca009df5cb95934bbb,11ef96824597f47daa1e6152caea8dc87cb3ebd6d78fd41be3baad14d31cca35,ZINC15 self-supervised pretraining,DESCRIBED ONLY,"requested in audit prompt only, not described in inspected manuscript",No corresponding implementation exists in inspected original/current tracked source; source_file_inventory.json and function_index.json delimit search scope.,No corresponding implementation exists in inspected original/current code.,Must be absent as an implemented contribution in Path B. Do not accuse current/historical Methods of asserting this prompt-only component.,audit_provenance.json; commands_run.md,,f5ee5cbcb377816114f36a0a37ec2210b6ca8235e000500b6b104ce754b5ec30,40b9b0708d888a015abe5043bb273c3c6ee601ae,5ee7257be5a09c9862c2ead2f98416e1e8d1b2fa875624ca009df5cb95934bbb,input_manifest.json; commands_run.md; coverage_integrity_report.json
CL-03,40b9b0708d888a015abe5043bb273c3c6ee601ae,5ee7257be5a09c9862c2ead2f98416e1e8d1b2fa875624ca009df5cb95934bbb,11ef96824597f47daa1e6152caea8dc87cb3ebd6d78fd41be3baad14d31cca35,multi-task NUDIX fine-tuning,DESCRIBED ONLY,"requested in audit prompt only, not described in inspected manuscript",No corresponding implementation exists in inspected original/current tracked source; source_file_inventory.json and function_index.json delimit search scope.,No corresponding implementation exists in inspected original/current code.,Must be absent as an implemented contribution in Path B. Do not accuse current/historical Methods of asserting this prompt-only component.,audit_provenance.json; commands_run.md,,f5ee5cbcb377816114f36a0a37ec2210b6ca8235e000500b6b104ce754b5ec30,40b9b0708d888a015abe5043bb273c3c6ee601ae,5ee7257be5a09c9862c2ead2f98416e1e8d1b2fa875624ca009df5cb95934bbb,input_manifest.json; commands_run.md; coverage_integrity_report.json
CL-04,40b9b0708d888a015abe5043bb273c3c6ee601ae,5ee7257be5a09c9862c2ead2f98416e1e8d1b2fa875624ca009df5cb95934bbb,11ef96824597f47daa1e6152caea8dc87cb3ebd6d78fd41be3baad14d31cca35,MolCLR/contrastive stage,DESCRIBED ONLY,"requested in audit prompt only, not described in inspected manuscript",No corresponding implementation exists in inspected original/current tracked source; source_file_inventory.json and function_index.json delimit search scope.,No corresponding implementation exists in inspected original/current code.,Must be absent as an implemented contribution in Path B. Do not accuse current/historical Methods of asserting this prompt-only component.,audit_provenance.json; commands_run.md,,f5ee5cbcb377816114f36a0a37ec2210b6ca8235e000500b6b104ce754b5ec30,40b9b0708d888a015abe5043bb273c3c6ee601ae,5ee7257be5a09c9862c2ead2f98416e1e8d1b2fa875624ca009df5cb95934bbb,input_manifest.json; commands_run.md; coverage_integrity_report.json
CL-05,40b9b0708d888a015abe5043bb273c3c6ee601ae,5ee7257be5a09c9862c2ead2f98416e1e8d1b2fa875624ca009df5cb95934bbb,11ef96824597f47daa1e6152caea8dc87cb3ebd6d78fd41be3baad14d31cca35,NUDT5 fine-tuning,DESCRIBED ONLY,"requested in audit prompt only, not described in inspected manuscript",No corresponding implementation exists in inspected original/current tracked source; source_file_inventory.json and function_index.json delimit search scope.,No corresponding implementation exists in inspected original/current code.,Must be absent as an implemented contribution in Path B. Do not accuse current/historical Methods of asserting this prompt-only component.,audit_provenance.json; commands_run.md,,f5ee5cbcb377816114f36a0a37ec2210b6ca8235e000500b6b104ce754b5ec30,40b9b0708d888a015abe5043bb273c3c6ee601ae,5ee7257be5a09c9862c2ead2f98416e1e8d1b2fa875624ca009df5cb95934bbb,input_manifest.json; commands_run.md; coverage_integrity_report.json
CL-06,40b9b0708d888a015abe5043bb273c3c6ee601ae,5ee7257be5a09c9862c2ead2f98416e1e8d1b2fa875624ca009df5cb95934bbb,11ef96824597f47daa1e6152caea8dc87cb3ebd6d78fd41be3baad14d31cca35,Uni-Mol embeddings,DESCRIBED ONLY,"requested in audit prompt only, not described in inspected manuscript",No corresponding implementation exists in inspected original/current tracked source; source_file_inventory.json and function_index.json delimit search scope.,No corresponding implementation exists in inspected original/current code.,Must be absent as an implemented contribution in Path B. Do not accuse current/historical Methods of asserting this prompt-only component.,audit_provenance.json; commands_run.md,,f5ee5cbcb377816114f36a0a37ec2210b6ca8235e000500b6b104ce754b5ec30,40b9b0708d888a015abe5043bb273c3c6ee601ae,5ee7257be5a09c9862c2ead2f98416e1e8d1b2fa875624ca009df5cb95934bbb,input_manifest.json; commands_run.md; coverage_integrity_report.json
CL-07,40b9b0708d888a015abe5043bb273c3c6ee601ae,5ee7257be5a09c9862c2ead2f98416e1e8d1b2fa875624ca009df5cb95934bbb,11ef96824597f47daa1e6152caea8dc87cb3ebd6d78fd41be3baad14d31cca35,frozen MolCLR embeddings,DESCRIBED ONLY,"requested in audit prompt only, not described in inspected manuscript",No corresponding implementation exists in inspected original/current tracked source; source_file_inventory.json and function_index.json delimit search scope.,No corresponding implementation exists in inspected original/current code.,Must be absent as an implemented contribution in Path B. Do not accuse current/historical Methods of asserting this prompt-only component.,audit_provenance.json; commands_run.md,,f5ee5cbcb377816114f36a0a37ec2210b6ca8235e000500b6b104ce754b5ec30,40b9b0708d888a015abe5043bb273c3c6ee601ae,5ee7257be5a09c9862c2ead2f98416e1e8d1b2fa875624ca009df5cb95934bbb,input_manifest.json; commands_run.md; coverage_integrity_report.json
CL-08,40b9b0708d888a015abe5043bb273c3c6ee601ae,5ee7257be5a09c9862c2ead2f98416e1e8d1b2fa875624ca009df5cb95934bbb,11ef96824597f47daa1e6152caea8dc87cb3ebd6d78fd41be3baad14d31cca35,concatenation of those embeddings,DESCRIBED ONLY,"requested in audit prompt only, not described in inspected manuscript",No corresponding implementation exists in inspected original/current tracked source; source_file_inventory.json and function_index.json delimit search scope.,No corresponding implementation exists in inspected original/current code.,Must be absent as an implemented contribution in Path B. Do not accuse current/historical Methods of asserting this prompt-only component.,audit_provenance.json; commands_run.md,,f5ee5cbcb377816114f36a0a37ec2210b6ca8235e000500b6b104ce754b5ec30,40b9b0708d888a015abe5043bb273c3c6ee601ae,5ee7257be5a09c9862c2ead2f98416e1e8d1b2fa875624ca009df5cb95934bbb,input_manifest.json; commands_run.md; coverage_integrity_report.json
CL-09,40b9b0708d888a015abe5043bb273c3c6ee601ae,5ee7257be5a09c9862c2ead2f98416e1e8d1b2fa875624ca009df5cb95934bbb,11ef96824597f47daa1e6152caea8dc87cb3ebd6d78fd41be3baad14d31cca35,learned per-compound transferability,DESCRIBED ONLY,"requested in audit prompt only, not described in inspected manuscript",No corresponding implementation exists in inspected original/current tracked source; source_file_inventory.json and function_index.json delimit search scope.,Historical global MTH1 alpha=.3 is described only and is not learned per-compound transferability.,Must be absent as an implemented contribution in Path B. Do not accuse current/historical Methods of asserting this prompt-only component.,audit_provenance.json; commands_run.md,,f5ee5cbcb377816114f36a0a37ec2210b6ca8235e000500b6b104ce754b5ec30,40b9b0708d888a015abe5043bb273c3c6ee601ae,5ee7257be5a09c9862c2ead2f98416e1e8d1b2fa875624ca009df5cb95934bbb,input_manifest.json; commands_run.md; coverage_integrity_report.json
CL-10,40b9b0708d888a015abe5043bb273c3c6ee601ae,5ee7257be5a09c9862c2ead2f98416e1e8d1b2fa875624ca009df5cb95934bbb,11ef96824597f47daa1e6152caea8dc87cb3ebd6d78fd41be3baad14d31cca35,MC dropout,DESCRIBED ONLY,"requested in audit prompt only, not described in inspected manuscript",No corresponding implementation exists in inspected original/current tracked source; source_file_inventory.json and function_index.json delimit search scope.,No corresponding implementation exists in inspected original/current code.,Must be absent as an implemented contribution in Path B. Do not accuse current/historical Methods of asserting this prompt-only component.,audit_provenance.json; commands_run.md,,f5ee5cbcb377816114f36a0a37ec2210b6ca8235e000500b6b104ce754b5ec30,40b9b0708d888a015abe5043bb273c3c6ee601ae,5ee7257be5a09c9862c2ead2f98416e1e8d1b2fa875624ca009df5cb95934bbb,input_manifest.json; commands_run.md; coverage_integrity_report.json
CL-11,40b9b0708d888a015abe5043bb273c3c6ee601ae,5ee7257be5a09c9862c2ead2f98416e1e8d1b2fa875624ca009df5cb95934bbb,11ef96824597f47daa1e6152caea8dc87cb3ebd6d78fd41be3baad14d31cca35,deep-ensemble uncertainty,DESCRIBED ONLY,"requested in audit prompt only, not described in inspected manuscript",No corresponding implementation exists in inspected original/current tracked source; source_file_inventory.json and function_index.json delimit search scope.,RF tree bagging is not a deep ensemble.,Must be absent as an implemented contribution in Path B. Do not accuse current/historical Methods of asserting this prompt-only component.,audit_provenance.json; commands_run.md,,f5ee5cbcb377816114f36a0a37ec2210b6ca8235e000500b6b104ce754b5ec30,40b9b0708d888a015abe5043bb273c3c6ee601ae,5ee7257be5a09c9862c2ead2f98416e1e8d1b2fa875624ca009df5cb95934bbb,input_manifest.json; commands_run.md; coverage_integrity_report.json
CL-12,40b9b0708d888a015abe5043bb273c3c6ee601ae,5ee7257be5a09c9862c2ead2f98416e1e8d1b2fa875624ca009df5cb95934bbb,11ef96824597f47daa1e6152caea8dc87cb3ebd6d78fd41be3baad14d31cca35,calibrated ECE,DESCRIBED ONLY,"requested in audit prompt only, not described in inspected manuscript",No corresponding implementation exists in inspected original/current tracked source; source_file_inventory.json and function_index.json delimit search scope.,"Brier score and five reliability bins are diagnostics, not ECE or trained score calibration. SVC probability=True uses internal probability fitting, not calibrated fused scores.",Must be absent as an implemented contribution in Path B. Do not accuse current/historical Methods of asserting this prompt-only component.,audit_provenance.json; commands_run.md,"SUPERSEDES claim that diagnostics are not ECE: diagnostic ECE IS computed and stored (controls.py179–202). DESCRIBED ONLY here applies narrowly to a claimed trained/calibrated-ECE contribution, not to descriptive ECE. The checklist component was prompt-only, not a manuscript promise. No source-text misdescription inferred.",f5ee5cbcb377816114f36a0a37ec2210b6ca8235e000500b6b104ce754b5ec30,40b9b0708d888a015abe5043bb273c3c6ee601ae,5ee7257be5a09c9862c2ead2f98416e1e8d1b2fa875624ca009df5cb95934bbb,input_manifest.json; commands_run.md; coverage_integrity_report.json
CL-13,40b9b0708d888a015abe5043bb273c3c6ee601ae,5ee7257be5a09c9862c2ead2f98416e1e8d1b2fa875624ca009df5cb95934bbb,11ef96824597f47daa1e6152caea8dc87cb3ebd6d78fd41be3baad14d31cca35,eight-component consensus,DESCRIBED ONLY,"requested in audit prompt only, not described in inspected manuscript",No corresponding implementation exists in inspected original/current tracked source; source_file_inventory.json and function_index.json delimit search scope.,"Current has six scored methods, but Equal_mean combines only four. Historical TWCS equation also lists four; historical cascade Eq12/last formula uses a different docking/pharmacophore quartet.",Must be absent as an implemented contribution in Path B. Do not accuse current/historical Methods of asserting this prompt-only component.,audit_provenance.json; commands_run.md,,f5ee5cbcb377816114f36a0a37ec2210b6ca8235e000500b6b104ce754b5ec30,40b9b0708d888a015abe5043bb273c3c6ee601ae,5ee7257be5a09c9862c2ead2f98416e1e8d1b2fa875624ca009df5cb95934bbb,input_manifest.json; commands_run.md; coverage_integrity_report.json
CL-14,40b9b0708d888a015abe5043bb273c3c6ee601ae,5ee7257be5a09c9862c2ead2f98416e1e8d1b2fa875624ca009df5cb95934bbb,11ef96824597f47daa1e6152caea8dc87cb3ebd6d78fd41be3baad14d31cca35,uncertainty penalty,DESCRIBED ONLY,"requested in audit prompt only, not described in inspected manuscript",No corresponding implementation exists in inspected original/current tracked source; source_file_inventory.json and function_index.json delimit search scope.,No score penalty implemented; grouped conformal diagnostic is not uncertainty-penalized optimization.,Must be absent as an implemented contribution in Path B. Do not accuse current/historical Methods of asserting this prompt-only component.,audit_provenance.json; commands_run.md,,f5ee5cbcb377816114f36a0a37ec2210b6ca8235e000500b6b104ce754b5ec30,40b9b0708d888a015abe5043bb273c3c6ee601ae,5ee7257be5a09c9862c2ead2f98416e1e8d1b2fa875624ca009df5cb95934bbb,input_manifest.json; commands_run.md; coverage_integrity_report.json
CL-15,40b9b0708d888a015abe5043bb273c3c6ee601ae,5ee7257be5a09c9862c2ead2f98416e1e8d1b2fa875624ca009df5cb95934bbb,11ef96824597f47daa1e6152caea8dc87cb3ebd6d78fd41be3baad14d31cca35,conformal prediction as actually described,IMPLEMENTED,CURRENT L69 classwise group-disjoint diagnostic; absent from historical Methods,scripts/scripts/controls.py:conformal_pvalues:238-241;conformal_sets:244-331,"RF100 proper-train only; first grouped inner split; classwise smoothed p-values; empirical coverage only, no guarantee under shift or model uncertainty.",Retain diagnostic/empirical/no-coverage-guarantee limits.,audit_provenance.json; commands_run.md,,f5ee5cbcb377816114f36a0a37ec2210b6ca8235e000500b6b104ce754b5ec30,40b9b0708d888a015abe5043bb273c3c6ee601ae,5ee7257be5a09c9862c2ead2f98416e1e8d1b2fa875624ca009df5cb95934bbb,input_manifest.json; commands_run.md; coverage_integrity_report.json
CL-16,40b9b0708d888a015abe5043bb273c3c6ee601ae,5ee7257be5a09c9862c2ead2f98416e1e8d1b2fa875624ca009df5cb95934bbb,11ef96824597f47daa1e6152caea8dc87cb3ebd6d78fd41be3baad14d31cca35,Graph VAE,DESCRIBED ONLY,"requested in audit prompt only, not described in inspected manuscript",No corresponding implementation exists in inspected original/current tracked source; source_file_inventory.json and function_index.json delimit search scope.,No corresponding implementation exists in inspected original/current code.,Must be absent as an implemented contribution in Path B. Do not accuse current/historical Methods of asserting this prompt-only component.,audit_provenance.json; commands_run.md,,f5ee5cbcb377816114f36a0a37ec2210b6ca8235e000500b6b104ce754b5ec30,40b9b0708d888a015abe5043bb273c3c6ee601ae,5ee7257be5a09c9862c2ead2f98416e1e8d1b2fa875624ca009df5cb95934bbb,input_manifest.json; commands_run.md; coverage_integrity_report.json
CL-17,40b9b0708d888a015abe5043bb273c3c6ee601ae,5ee7257be5a09c9862c2ead2f98416e1e8d1b2fa875624ca009df5cb95934bbb,11ef96824597f47daa1e6152caea8dc87cb3ebd6d78fd41be3baad14d31cca35,REINVENT,DESCRIBED ONLY,"requested in audit prompt only, not described in inspected manuscript",No corresponding implementation exists in inspected original/current tracked source; source_file_inventory.json and function_index.json delimit search scope.,No corresponding implementation exists in inspected original/current code.,Must be absent as an implemented contribution in Path B. Do not accuse current/historical Methods of asserting this prompt-only component.,audit_provenance.json; commands_run.md,,f5ee5cbcb377816114f36a0a37ec2210b6ca8235e000500b6b104ce754b5ec30,40b9b0708d888a015abe5043bb273c3c6ee601ae,5ee7257be5a09c9862c2ead2f98416e1e8d1b2fa875624ca009df5cb95934bbb,input_manifest.json; commands_run.md; coverage_integrity_report.json
CL-18,40b9b0708d888a015abe5043bb273c3c6ee601ae,5ee7257be5a09c9862c2ead2f98416e1e8d1b2fa875624ca009df5cb95934bbb,11ef96824597f47daa1e6152caea8dc87cb3ebd6d78fd41be3baad14d31cca35,ensemble docking,DESCRIBED ONLY,"requested in audit prompt only, not described in inspected manuscript",No corresponding implementation exists in inspected original/current tracked source; source_file_inventory.json and function_index.json delimit search scope.,"Historical Glide SP/XP stages are described, not an implemented receptor/pose ensemble. Current deposited-complex geometry is not docking.",Must be absent as an implemented contribution in Path B. Do not accuse current/historical Methods of asserting this prompt-only component.,audit_provenance.json; commands_run.md,,f5ee5cbcb377816114f36a0a37ec2210b6ca8235e000500b6b104ce754b5ec30,40b9b0708d888a015abe5043bb273c3c6ee601ae,5ee7257be5a09c9862c2ead2f98416e1e8d1b2fa875624ca009df5cb95934bbb,input_manifest.json; commands_run.md; coverage_integrity_report.json
CL-19,40b9b0708d888a015abe5043bb273c3c6ee601ae,5ee7257be5a09c9862c2ead2f98416e1e8d1b2fa875624ca009df5cb95934bbb,11ef96824597f47daa1e6152caea8dc87cb3ebd6d78fd41be3baad14d31cca35,MD,DESCRIBED ONLY,"requested in audit prompt only, not described in inspected manuscript",No corresponding implementation exists in inspected original/current tracked source; source_file_inventory.json and function_index.json delimit search scope.,No corresponding implementation exists in inspected original/current code.,Must be absent as an implemented contribution in Path B. Do not accuse current/historical Methods of asserting this prompt-only component.,audit_provenance.json; commands_run.md,,f5ee5cbcb377816114f36a0a37ec2210b6ca8235e000500b6b104ce754b5ec30,40b9b0708d888a015abe5043bb273c3c6ee601ae,5ee7257be5a09c9862c2ead2f98416e1e8d1b2fa875624ca009df5cb95934bbb,input_manifest.json; commands_run.md; coverage_integrity_report.json
CL-20,40b9b0708d888a015abe5043bb273c3c6ee601ae,5ee7257be5a09c9862c2ead2f98416e1e8d1b2fa875624ca009df5cb95934bbb,11ef96824597f47daa1e6152caea8dc87cb3ebd6d78fd41be3baad14d31cca35,PROTAC design,DESCRIBED ONLY,"requested in audit prompt only, not described in inspected manuscript",No corresponding implementation exists in inspected original/current tracked source; source_file_inventory.json and function_index.json delimit search scope.,"Historical DOCX P095 and current Introduction/Discussion cite degradation/PROTAC biology as context. Executed PROTAC design is requested in audit prompt only, not described in inspected manuscript, and has no implementation.",Must be absent as an implemented contribution in Path B. Do not accuse current/historical Methods of asserting this prompt-only component.,audit_provenance.json; commands_run.md,,f5ee5cbcb377816114f36a0a37ec2210b6ca8235e000500b6b104ce754b5ec30,40b9b0708d888a015abe5043bb273c3c6ee601ae,5ee7257be5a09c9862c2ead2f98416e1e8d1b2fa875624ca009df5cb95934bbb,input_manifest.json; commands_run.md; coverage_integrity_report.json
CL-21,40b9b0708d888a015abe5043bb273c3c6ee601ae,5ee7257be5a09c9862c2ead2f98416e1e8d1b2fa875624ca009df5cb95934bbb,11ef96824597f47daa1e6152caea8dc87cb3ebd6d78fd41be3baad14d31cca35,ADMET,DESCRIBED ONLY,"requested in audit prompt only, not described in inspected manuscript",No corresponding implementation exists in inspected original/current tracked source; source_file_inventory.json and function_index.json delimit search scope.,"Seven physicochemical descriptors, PAINS and Ro5/Veber are not ADMET models.",Must be absent as an implemented contribution in Path B. Do not accuse current/historical Methods of asserting this prompt-only component.,audit_provenance.json; commands_run.md,,f5ee5cbcb377816114f36a0a37ec2210b6ca8235e000500b6b104ce754b5ec30,40b9b0708d888a015abe5043bb273c3c6ee601ae,5ee7257be5a09c9862c2ead2f98416e1e8d1b2fa875624ca009df5cb95934bbb,input_manifest.json; commands_run.md; coverage_integrity_report.json
